category,is_evaluated,is_expectancy,is_expectancy_dollar,is_expected_total_r,is_guardrail_pass,is_losing_trades,is_max_drawdown_pct,is_net_profit,is_profit_factor,is_sharpe,is_sortino,is_tail_loss_r,is_total_trades,is_trades_per_month,is_win_rate,is_winning_trades,name,oos_expectancy,oos_expectancy_dollar,oos_expected_total_r,oos_losing_trades,oos_max_drawdown_pct,oos_net_profit,oos_profit_factor,oos_sharpe,oos_sortino,oos_strict_uplift,oos_tail_loss_r,oos_total_trades,oos_trades_per_month,oos_utility,oos_win_rate,oos_winning_trades,stage
atomic_counterfactual,True,0.11021249069445825,10.59122832369942,152.53408712113023,False,617,0.16614695994135506,14658.259999999997,1.4509456832053553,2.8859929777589346,3.016183680864266,-1.2013460358789714,1384,59.83735795454545,0.5541907514450867,767,ablate__use_combined_quality_gate,0.3244214399701491,25.527345132743324,36.65962271662685,33,0.009364999999999964,2884.5899999999956,3.4179295892707438,7.390238271357773,15.931080980799138,True,-1.1240964093701442,113,57.32395833333334,0.3466397578333848,0.7079646017699115,80,ablation
atomic_counterfactual,True,0.14876423147295934,15.7579911699779,202.17059057175175,False,636,0.1336430871954424,21415.109999999968,1.6172193366922103,3.6077938751393837,4.036057264039928,-1.2232459196535694,1359,58.75648082386363,0.5320088300220751,723,ablate__rvol_threshold,0.41699333987469134,23.393240740740744,45.035280706466665,33,0.025126626364827924,2526.4700000000003,3.0123698694512835,6.425003442169674,9.849859235819382,True,-1.1842841789116103,108,54.7875,0.3357724593295794,0.6944444444444444,75,ablation
atomic_counterfactual,True,0.14202622739147122,14.71476982097185,222.129019640261,False,719,0.16632890782647924,23013.899999999972,1.6284998930830017,3.7837079957064157,4.649156776769287,-1.2504672853303611,1564,67.61967329545455,0.5402813299232737,845,ablate__or_width_min_pct,0.43326946515788745,23.886764705882353,44.19348544610452,34,0.018817098386127017,2436.45,2.8635557051291887,6.131243839742143,12.372504257225003,True,-1.1774689694186442,102,51.743750000000006,0.32342171353871674,0.6666666666666666,68,ablation
atomic_counterfactual,True,0.14202622739147122,14.71476982097185,222.129019640261,False,719,0.16632890782647924,23013.899999999972,1.6284998930830017,3.7837079957064157,4.649156776769287,-1.2504672853303611,1564,67.61967329545455,0.5402813299232737,845,ablate__use_or_width_min,0.43326946515788745,23.886764705882353,44.19348544610452,34,0.018817098386127017,2436.45,2.8635557051291887,6.131243839742143,12.372504257225003,True,-1.1774689694186442,102,51.743750000000006,0.32342171353871674,0.6666666666666666,68,ablation
atomic_parameter_grid,True,0.18105810047236875,18.13318803418801,211.83797755267145,False,515,0.14505231798428672,21215.829999999973,1.7304443778812941,3.788717359902806,4.090414901570615,-1.2130157633615728,1170,50.585049715909086,0.5598290598290598,655,perturb__rvol_threshold__1p8,0.42929924026332905,22.974607843137267,43.788522506859564,30,0.020738420694172616,2343.410000000001,3.0150218836255522,6.1813059967443955,9.9607731926652,True,-1.166839347468267,102,51.743750000000006,0.3075898272192108,0.7058823529411765,72,perturbation
atomic_parameter_grid,True,0.1379807622163797,13.60514435695536,157.712011213322,False,505,0.13202289521111715,15550.679999999977,1.5640427072285703,3.1720929716592603,3.335113207956139,-1.2100654343499182,1143,49.41770241477273,0.558180227471566,638,perturb__combined_avwap_cap_pct__0p005,0.38344578301037535,21.63220000000003,38.34457830103754,31,0.0174567576254357,2163.220000000003,2.9609659698678388,6.0427885754209685,12.831332030507077,True,-1.166839347468267,100,50.72916666666667,0.21889475199259606,0.69,69,perturbation
atomic_counterfactual,True,0.11009119796307898,11.410170015455957,142.4580101642242,False,572,0.1632325654368602,14764.76000000001,1.4852841316576053,2.9376548092209607,3.070513061720008,-1.2054457996012233,1294,55.94620028409091,0.5579598145285936,722,ablate__combined_avwap_cap_pct,0.3148720631258565,22.150185185185162,34.0061828175925,35,0.013708507966120437,2392.2199999999975,2.9530239696949896,6.570823703602925,11.539584352473934,True,-1.1507711715640245,108,54.7875,0.2089317179591159,0.6759259259259259,73,ablation
weakness_targeted,True,0.14314485051028697,14.700075885328818,169.76979270520036,False,520,0.14402215391873904,17434.28999999998,1.5893455108195862,3.398927788988666,3.632263493119618,-1.207584845969164,1186,51.27681107954545,0.5615514333895447,666,target__combined_rvol22_cap005_score5,0.36671697435581496,19.351250000000025,38.138565333004756,32,0.01872226733563427,2012.5300000000025,2.8022441523086346,5.744789609547089,11.35586979076136,True,-1.166839347468267,104,52.75833333333333,0.18672953710227277,0.6923076923076923,72,targeted
pairwise_robust_singles,True,0.1656631766780416,17.63845462713385,184.3831156426603,True,498,0.1235212696301773,19631.599999999977,1.7149401946459957,3.6963853408595058,4.070474505722419,-1.2121447777471668,1113,48.12064985795454,0.5525606469002695,615,combo__target__rvol190_pdh090__plus__target__rvol190_failstop8,0.37494742217346044,21.703505154639206,36.36989995082566,34,0.017268681943738675,2105.240000000003,2.6282958597272894,5.328288924128853,9.408770305773043,True,-1.174666400452549,97,49.20729166666667,0.16993590225879632,0.6494845360824743,63,combination
pairwise_robust_singles,True,0.1683959642290923,18.564451495920196,185.7407485446888,False,473,0.13523937355663523,20476.589999999975,1.7446818028082953,3.7470476598616673,4.019607434881102,-1.2140309160177423,1103,47.68829900568181,0.57116953762466,630,combo__target__rvol190_pdh090__plus__target__rvol190_failstop12,0.3913418062648419,22.45276595744681,36.78612978889514,31,0.02188894599471674,2110.5600000000004,2.6682818094869263,5.317630164967459,8.875635391246158,True,-1.174666400452549,94,47.68541666666667,0.16445224155986496,0.6702127659574468,63,combination
pairwise_robust_singles,True,0.17196309721166128,19.943571428571403,190.19118551609736,False,478,0.13786073172097518,22057.58999999997,1.7693626950866659,3.8450826603838464,4.166630593681597,-1.2121447777471668,1106,47.81800426136363,0.5678119349005425,628,combo__target__rvol190_pdh090__plus__target__rvol190_score_gradient,0.3829091406941575,22.546063829787258,35.9934592252508,32,0.0199792677116185,2119.330000000002,2.621932086907948,5.2296610756756685,8.885635782573834,True,-1.174666400452549,94,47.68541666666667,0.15858694155157885,0.6595744680851063,62,combination
weakness_targeted,True,0.1763145149801496,18.358897922312533,195.18016808302562,True,480,0.1327201822608728,20323.299999999974,1.74188169346425,3.7390566938062073,4.018863555804418,-1.2121447777471668,1107,47.86123934659091,0.5663956639566395,627,target__rvol190_pdh090,0.3829091406941575,22.33287234042555,35.9934592252508,32,0.02042790371069301,2099.290000000002,2.661750969682584,5.280733106240907,9.056384831310709,True,-1.174666400452549,94,47.68541666666667,0.1559475314068017,0.6595744680851063,62,targeted
pairwise_robust_singles,True,0.1763145149801496,18.358897922312533,195.18016808302562,True,480,0.1327201822608728,20323.299999999974,1.74188169346425,3.7390566938062073,4.018863555804418,-1.2121447777471668,1107,47.86123934659091,0.5663956639566395,627,combo__target__rvol190_pdh090__plus__perturb__rvol_threshold__1p9,0.3829091406941575,22.33287234042555,35.9934592252508,32,0.02042790371069301,2099.290000000002,2.661750969682584,5.280733106240907,9.056384831310709,True,-1.174666400452549,94,47.68541666666667,0.1559475314068017,0.6595744680851063,62,combination
weakness_targeted,True,0.1685335965634152,17.249382273948058,188.2520273613348,True,499,0.12006919388278588,19267.55999999998,1.7103339582261878,3.655836301936779,4.02463333672077,-1.2140309160177423,1117,48.29359019886363,0.5532676812891674,618,target__rvol190_failstop8,0.37494742217346044,19.844020618556733,36.36989995082566,34,0.017609281862049263,1924.870000000003,2.490056587269033,5.32328571698688,8.752747567165605,True,-1.1746664004525493,97,49.20729166666667,0.13854456366154663,0.6494845360824743,63,targeted
pairwise_robust_singles,True,0.1685335965634152,17.249382273948058,188.2520273613348,True,499,0.12006919388278588,19267.55999999998,1.7103339582261878,3.655836301936779,4.02463333672077,-1.2140309160177423,1117,48.29359019886363,0.5532676812891674,618,combo__target__rvol190_failstop8__plus__perturb__rvol_threshold__1p9,0.37494742217346044,19.844020618556733,36.36989995082566,34,0.017609281862049263,1924.870000000003,2.490056587269033,5.32328571698688,8.752747567165605,True,-1.1746664004525493,97,49.20729166666667,0.13854456366154663,0.6494845360824743,63,combination
pairwise_robust_singles,True,0.18062038695393712,19.67337887067393,198.32118487542294,False,469,0.137210465705777,21601.369999999974,1.7602858211815555,3.789368933473147,4.095175343734682,-1.2120028891260932,1098,47.47212357954545,0.5728597449908925,629,combo__target__rvol190_score_gradient__plus__target__rvol190_failstop12,0.39030104570579527,20.854787234042558,36.688298296344755,31,0.0230137225067429,1960.3500000000006,2.491906331098414,5.226851926598538,7.984498396501004,True,-1.1746664004525493,94,47.68541666666667,0.13214533367638734,0.6702127659574468,63,combination
atomic_parameter_grid,True,0.1716848493877916,18.58044802867381,191.60029191677543,True,484,0.12977452644084742,20735.779999999973,1.7577922488461772,3.8054943968030406,4.087374577429684,-1.2110468418666207,1116,48.25035511363636,0.5663082437275986,632,perturb__rvol_threshold__1p9,0.3829091406941575,20.663191489361726,35.9934592252508,32,0.020398446934403847,1942.3400000000022,2.553959021705222,5.344713410618467,8.575434294926028,True,-1.1746664004525493,94,47.68541666666667,0.13009390014207767,0.6595744680851063,62,perturbation
weakness_targeted,True,0.1751517789539499,20.184564428312136,193.0172604072528,True,476,0.13411798661307434,22243.389999999974,1.7815684080851881,3.8687299178298598,4.1937497300053135,-1.2121447777471668,1102,47.64506392045454,0.5680580762250453,626,target__rvol190_score_gradient,0.3830955462066295,21.241075268817227,35.62788579721654,32,0.020127825409197116,1975.4200000000021,2.5222353222214586,5.256177606997904,8.416966747315968,True,-1.1746664004525493,93,47.178125,0.12913373721234764,0.6559139784946236,61,targeted
pairwise_robust_singles,True,0.1751517789539499,20.184564428312136,193.0172604072528,True,476,0.13411798661307434,22243.389999999974,1.7815684080851881,3.8687299178298598,4.1937497300053135,-1.2121447777471668,1102,47.64506392045454,0.5680580762250453,626,combo__perturb__rvol_threshold__1p9__plus__target__rvol190_score_gradient,0.3830955462066295,21.241075268817227,35.62788579721654,32,0.020127825409197116,1975.4200000000021,2.5222353222214586,5.256177606997904,8.416966747315968,True,-1.1746664004525493,93,47.178125,0.12913373721234764,0.6559139784946236,61,combination
pairwise_robust_singles,True,0.16314218558788782,18.57651818181816,179.4564041466766,True,490,0.1270695199736846,20434.169999999976,1.7224115774383477,3.7064593235283096,4.058298970414268,-1.2121447777471668,1100,47.55859374999999,0.5545454545454546,610,combo__target__rvol190_failstop8__plus__target__rvol190_score_gradient,0.3645273492067747,20.08567010309282,35.35915287305715,35,0.01783887871428527,1948.3100000000036,2.455505087480771,5.215017570749473,8.324419049438285,True,-1.1746664004525493,97,49.20729166666667,0.12596303874813466,0.6391752577319587,62,combination
weakness_targeted,True,0.16857135906108686,18.44531588447651,186.77706583968424,True,475,0.13254882121493758,20437.409999999974,1.7482988141036313,3.7531278377926043,4.028933864275005,-1.2110468418666207,1108,47.90447443181818,0.5712996389891697,633,target__rvol190_failstop12,0.38993448996422486,20.731505376344092,36.26390756667291,31,0.02227586114926583,1928.0300000000004,2.5260041948632748,5.323575555346326,8.22509857668532,True,-1.1746664004525493,93,47.178125,0.12525277001493523,0.6666666666666666,62,targeted
pairwise_robust_singles,True,0.16857135906108686,18.44531588447651,186.77706583968424,True,475,0.13254882121493758,20437.409999999974,1.7482988141036313,3.7531278377926043,4.028933864275005,-1.2110468418666207,1108,47.90447443181818,0.5712996389891697,633,combo__perturb__rvol_threshold__1p9__plus__target__rvol190_failstop12,0.38993448996422486,20.731505376344092,36.26390756667291,31,0.02227586114926583,1928.0300000000004,2.5260041948632748,5.323575555346326,8.22509857668532,True,-1.1746664004525493,93,47.178125,0.12525277001493523,0.6666666666666666,62,combination
pairwise_robust_singles,True,0.17044037827112313,18.75780153977756,199.24480219894295,True,505,0.12748787029579628,21927.869999999966,1.7656641183951112,3.894078780296637,4.181374396728047,-1.2120121063805052,1169,50.54181463068181,0.5680068434559452,664,combo__target__rvol190_pdh090__plus__target__entry1300_rvol19,0.35861874839711116,20.81010309278355,34.78601859451978,34,0.02032849489931201,2018.5800000000042,2.51422270231345,5.315565490444225,8.754827121448901,True,-1.174666400452549,97,49.20729166666667,0.12357374512373505,0.6494845360824743,63,combination
pairwise_robust_singles,False,,,,,,,,,,,,,,,,combo__target__rvol190_failstop8__plus__perturb__opening_range_bars__9,0.36704549480134874,17.70090000000002,36.70454948013487,33,0.017462929499912364,1770.0900000000017,2.4341189529033405,5.327516670595741,7.313884119322857,True,-1.166839347468267,100,50.72916666666667,0.12170148566971141,0.67,67,combination
pairwise_robust_singles,False,,,,,,,,,,,,,,,,combo__target__rvol190_score_gradient__plus__target__rvol190_pdh065,0.38073197167496214,20.33638297872343,35.78880533744644,32,0.020064523178724782,1911.6200000000026,2.480865765989099,5.304782629260772,8.248450595521184,True,-1.174666400452549,94,47.68541666666667,0.12135413289811656,0.6595744680851063,62,combination
pairwise_robust_singles,False,,,,,,,,,,,,,,,,combo__target__rvol190_score_gradient__plus__perturb__opening_range_bars__9,0.37418044337860357,19.190833333333337,35.92132256434594,32,0.02014648061613936,1842.3200000000004,2.5028428325543124,5.241106245140703,7.192316007347099,True,-1.1746664004525493,96,48.7,0.1148176531832447,0.6666666666666666,64,combination
pairwise_robust_singles,False,,,,,,,,,,,,,,,,combo__target__rvol190_pdh090__plus__perturb__opening_range_bars__9,0.3779406773125425,19.26705263157896,35.90436434469154,31,0.020152023406977453,1830.370000000001,2.5158469221277246,5.201800022596105,7.253724624179318,True,-1.174666400452549,95,48.192708333333336,0.11364946590427093,0.6736842105263158,64,combination
pairwise_robust_singles,False,,,,,,,,,,,,,,,,combo__target__rvol190_failstop12__plus__perturb__opening_range_bars__9,0.38664230941074096,18.734947368421047,36.73101939402039,30,0.021998882402510928,1779.8199999999995,2.489887828561864,5.277014791774077,7.014512444159677,True,-1.1746664004525493,95,48.192708333333336,0.11154836640743919,0.6842105263157895,65,combination
pairwise_robust_singles,False,,,,,,,,,,,,,,,,combo__target__rvol190_failstop8__plus__target__entry1300_rvol19,0.35944459238692283,18.918163265306177,35.22557005391844,35,0.017538771536395777,1853.9800000000052,2.360899054554006,5.3720927365191145,8.407571541186934,True,-1.1746664004525493,98,49.71458333333334,0.10891352125998055,0.6428571428571429,63,combination
pairwise_robust_singles,False,,,,,,,,,,,,,,,,combo__target__rvol190_failstop8__plus__target__rvol190_pdh065,0.3584104446427304,17.772800000000032,35.84104446427304,36,0.017415574994972212,1777.2800000000032,2.363614043702437,5.393404713239618,8.172936612764307,True,-1.1668393474682668,100,50.72916666666667,0.10715699600066071,0.64,64,combination
pairwise_robust_singles,False,,,,,,,,,,,,,,,,combo__target__rvol190_failstop12__plus__target__rvol190_pdh065,0.3804235561695384,18.678958333333338,36.520661392275684,32,0.0220185053636778,1793.1800000000005,2.409101267513774,5.3814105444434235,7.785670517472898,True,-1.174666400452549,96,48.7,0.10660192883651368,0.6666666666666666,64,combination
pairwise_robust_singles,False,,,,,,,,,,,,,,,,combo__perturb__rvol_threshold__1p9__plus__perturb__opening_range_bars__9,0.3756035412517325,18.432604166666668,36.05793996016632,31,0.020242816520314077,1769.5300000000002,2.480295133805708,5.2738479576890525,7.194226954865619,True,-1.1746664004525493,96,48.7,0.10596541755229165,0.6770833333333334,65,combination
weakness_targeted,True,0.17452440383350273,18.872639639639615,193.72208825518803,True,481,0.12764139223510837,20948.629999999972,1.7696427889123032,3.8324684390669375,4.123025583075043,-1.2110468418666207,1110,47.99094460227273,0.5666666666666667,629,target__rvol190_pdh065,0.36933924145041747,18.67257731958765,35.825906420690494,34,0.02022030541892274,1811.2400000000018,2.4416568499474725,5.399500259848571,8.134109420044073,True,-1.174666400452549,97,49.20729166666667,0.10586547304911434,0.6494845360824743,63,targeted
pairwise_robust_singles,False,,,,,,,,,,,,,,,,combo__perturb__rvol_threshold__1p9__plus__target__rvol190_pdh065,0.36933924145041747,18.67257731958765,35.825906420690494,34,0.02022030541892274,1811.2400000000018,2.4416568499474725,5.399500259848571,8.134109420044073,True,-1.174666400452549,97,49.20729166666667,0.10586547304911434,0.6494845360824743,63,combination
atomic_counterfactual,True,0.1594492762085939,18.568392857142847,187.51234882130643,True,500,0.12281554125727134,21836.42999999999,1.7743552190641676,3.8787755655549656,4.375020575747873,-1.2086797959516256,1176,50.84446022727273,0.5748299319727891,676,ablate__opening_range_bars,0.3709937346257695,20.5330434782609,34.13142358557079,31,0.019775412483928525,1889.040000000003,2.592634747198834,5.372274951390081,8.080513502464418,True,-1.1746664004525493,92,46.670833333333334,0.1012922251798404,0.6630434782608695,61,ablation
weakness_targeted,True,0.1672374269148959,18.596923076923044,195.66778949042822,True,508,0.1246818238821044,21758.39999999996,1.7649933550378645,3.895183986504185,4.180604551389491,-1.2120121063805052,1170,50.585049715909086,0.5658119658119658,662,target__entry1300_rvol19,0.36468800904764037,19.38250000000004,35.01004886857348,33,0.020194909356669944,1860.720000000004,2.4102560215852513,5.3769422556363615,8.2609976868105,True,-1.1746664004525493,96,48.7,0.10113474296167993,0.65625,63,targeted
pairwise_robust_singles,False,,,,,,,,,,,,,,,,combo__perturb__rvol_threshold__1p9__plus__target__entry1300_rvol19,0.36468800904764037,19.38250000000004,35.01004886857348,33,0.020194909356669944,1860.720000000004,2.4102560215852513,5.3769422556363615,8.2609976868105,True,-1.1746664004525493,96,48.7,0.10113474296167993,0.65625,63,combination
pairwise_robust_singles,False,,,,,,,,,,,,,,,,combo__target__rvol190_score_gradient__plus__target__entry1300_rvol19,0.36467868884778126,19.974315789473735,34.64447544053922,33,0.020080134094636985,1897.560000000005,2.3868720902187595,5.31089854053695,8.11331562812499,True,-1.1746664004525493,95,48.192708333333336,0.10046477633080746,0.6526315789473685,62,combination
pairwise_robust_singles,False,,,,,,,,,,,,,,,,combo__target__rvol190_failstop12__plus__target__entry1300_rvol19,0.3736125284017628,19.700957446808545,35.119577669765704,32,0.021975318141514818,1851.890000000003,2.392806913305412,5.367626964675729,7.969286436400764,True,-1.1746664004525493,94,47.68541666666667,0.09507147713833876,0.6595744680851063,62,combination
atomic_parameter_grid,True,0.17442124989733643,20.402812219227297,194.13085113573544,True,472,0.10869548409377346,22708.32999999998,1.829724442534707,4.066636196525477,4.572282749067794,-1.2140226287756029,1113,48.12064985795454,0.5759209344115005,641,perturb__opening_range_bars__9,0.37080194165270197,20.526043956043978,33.74297669039588,31,0.01996209694497086,1867.870000000002,2.591559376624268,5.357323095737045,7.966098851176316,True,-1.1746664004525493,91,46.16354166666667,0.09219550229466182,0.6593406593406593,60,perturbation
atomic_parameter_grid,True,0.15834960646030483,17.652873362445398,181.31029939704902,True,502,0.12952917276168027,20212.53999999998,1.7271226182621897,3.7649753743878587,4.0382988829549475,-1.2272361629609836,1145,49.504172585227266,0.5615720524017467,643,perturb__or_width_min_pct__0p001,0.3687399571626218,20.091630434782616,33.924076058961205,31,0.019996473474531585,1848.4300000000007,2.525044346355353,5.336643961009202,8.631157352703804,True,-1.1746664004525493,92,46.670833333333334,0.08964690898098629,0.6630434782608695,61,perturbation
pairwise_robust_singles,False,,,,,,,,,,,,,,,,combo__target__rvol190_pdh065__plus__perturb__opening_range_bars__9,0.3692000208990107,16.94081632653062,36.18160204810305,32,0.020107181330993647,1660.2000000000007,2.3849426485922884,5.377159010275196,6.87158178748197,True,-1.174666400452549,98,49.71458333333334,0.08938830635246278,0.673469387755102,66,combination
pairwise_robust_singles,False,,,,,,,,,,,,,,,,combo__target__entry1300_rvol19__plus__perturb__opening_range_bars__9,0.3614557377537683,17.278877551020436,35.422662299869295,33,0.020062023744626584,1693.3300000000029,2.342857596015837,5.352519015884224,6.927001432060943,True,-1.1746664004525493,98,49.71458333333334,0.08203195798764304,0.6632653061224489,65,combination
pairwise_robust_singles,False,,,,,,,,,,,,,,,,combo__target__rvol190_pdh065__plus__target__entry1300_rvol19,0.36046853084046604,17.900824742268078,34.965447491525204,34,0.020026801398018563,1736.3800000000037,2.320872985082583,5.396528836977784,7.8490375308044396,True,-1.174666400452549,97,49.20729166666667,0.0802040106902397,0.6494845360824743,63,combination
atomic_parameter_grid,True,0.18285175739653425,20.013119180633122,196.3827874438778,True,456,0.11987317805753252,21494.089999999975,1.806115637017706,3.972793384036026,4.3835542106881356,-1.2201039842149193,1074,46.43448153409091,0.5754189944134078,618,perturb__opening_range_bars__7,0.38923973371259935,20.505909090909146,34.25309656670874,30,0.022977733484219307,1804.520000000005,2.5354872746147605,5.118198005075548,8.02351295704418,False,-1.1746664004525493,88,44.641666666666666,0.07874800182333765,0.6590909090909091,58,perturbation
atomic_parameter_grid,True,0.16046034783426918,15.150054995417028,175.06223948718767,False,474,0.1299763494029232,16528.709999999977,1.643553142248414,3.354840051345252,3.593562947655614,-1.2118948237704454,1091,47.16947798295454,0.5655362053162236,617,perturb__combined_avwap_cap_pct__0p004,0.34664786066624514,20.378777777777813,31.198307459962063,30,0.01551788675369382,1834.0900000000033,2.6060192117407106,5.370313107169547,10.939415660099876,True,-1.1746664004525493,90,45.65625,0.06776532239885434,0.6666666666666666,60,perturbation
atomic_parameter_grid,True,0.1773209913843742,20.075241567912478,194.5211275486585,True,466,0.11055899145892195,22022.53999999999,1.8138281616367509,4.032637163229308,4.538443949029993,-1.217538787622857,1097,47.42888849431818,0.5752051048313582,631,perturb__opening_range_bars__8,0.36436100504863167,19.636703296703363,33.15685145942548,32,0.02303228260703359,1786.940000000006,2.509367345214977,5.113437157928807,8.011119735117129,True,-1.1746664004525493,91,46.16354166666667,0.06000801671890849,0.6483516483516484,59,perturbation
weakness_targeted,True,0.1511182903906686,15.122364924712116,170.61254985106484,False,495,0.13381082169019515,17073.14999999998,1.625233457990745,3.4017532381557385,3.5896000220496003,-1.2078669881343191,1129,48.81241122159091,0.5615589016829052,634,target__combined_rvol23_cap004_score5,0.3407765323007373,19.882967032967073,31.010664439367094,31,0.017000688960537462,1809.3500000000035,2.561925397743466,5.293698028181563,10.182879523045404,True,-1.1746664004525493,91,46.16354166666667,0.05544145209436928,0.6593406593406593,60,targeted
atomic_parameter_grid,True,0.19113706782601805,21.042492890995227,201.64960655644904,True,449,0.11528455695775676,22199.829999999965,1.828946975365896,4.042570865901425,4.503989842011627,-1.2128737309648856,1055,45.61301491477273,0.5744075829383887,606,perturb__adaptive_trail_late_distance_r__0p08,0.3600162654180105,19.687078651685447,32.04144762220294,31,0.022103713036402583,1752.1500000000049,2.450971786314674,4.956561724520949,8.965159157640958,True,-1.1746664004525493,89,45.14895833333333,0.04072185616722697,0.651685393258427,58,perturbation
atomic_parameter_grid,True,0.17463332322356284,18.425956232159823,183.53962270796455,True,448,0.1223522290841469,19365.679999999975,1.752553306416199,3.751902320151187,4.1181626947858545,-1.2128737309648856,1051,45.44007457386363,0.5737392959086585,603,perturb__failure_stop_mfe_max_r__0p15,0.35426640576641244,20.16534090909095,31.175443707444295,30,0.02301289066922548,1774.5500000000036,2.5429662026450193,5.086778033315167,8.44645933787357,False,-1.1746664004525493,88,44.641666666666666,0.03321592520199709,0.6590909090909091,58,perturbation
atomic_parameter_grid,True,0.17826469232018202,18.669941348973584,182.36478024354622,True,434,0.12421718744876907,19099.349999999977,1.7583497747306867,3.7310769161573227,4.0924555531280555,-1.2138081575088033,1023,44.2294921875,0.5757575757575758,589,perturb__pdh_avwap_cap_pct__0p003,0.3715807910325131,18.57352272727275,32.69910961086116,30,0.023081590506517785,1634.470000000002,2.417174616111611,4.827883590070718,7.763310620650804,False,-1.1381361883411036,88,44.641666666666666,0.02929438461746896,0.6590909090909091,58,perturbation
nested_atomic_parameter_grid,True,0.16651240623317012,16.722599620493334,175.5040761697613,False,452,0.12966154857083995,17625.619999999974,1.734625506300676,3.6582863845199958,4.06527646664531,-1.2140350093000785,1054,45.56977982954545,0.571157495256167,602,perturb__score_size__or_breakout_5__0p55,0.34869584509439505,18.775280898876446,31.03393021340116,30,0.019533001200306304,1671.0000000000036,2.5421815731913373,4.970008519422784,9.11578256229131,True,-1.1746664004525493,89,45.14895833333333,0.02781940651878429,0.6629213483146067,59,perturbation
weakness_targeted,True,0.1641427555032418,16.764929859719405,163.81446999223533,False,426,0.10260038902389625,16731.399999999965,1.744958703443975,3.618917098668072,3.960831253744591,-1.2122419730564817,998,43.14861505681818,0.5731462925851704,572,target__orb_quality_size70,0.3582667983172441,18.97574712643682,31.169211453600237,31,0.019637031439594603,1650.8900000000033,2.538932649732004,4.964771557634802,8.682289048225782,False,-1.167039750373074,87,44.134375,0.024912164857540844,0.6436781609195402,56,targeted
atomic_counterfactual,True,0.17581059860739945,18.38553314121035,183.01883315030284,True,432,0.12368545304430187,19139.339999999975,1.7488212700744021,3.7095952894947333,4.110320420314186,-1.2140350093000785,1041,45.00772372159091,0.5850144092219021,609,ablate__failure_stop_mfe_max_r,0.35475061166233385,19.776250000000033,31.218053826285377,29,0.025090330764783828,1740.310000000003,2.4737898445174675,4.97710528265699,7.879134616042912,False,-1.1746664004525493,88,44.641666666666666,0.020799940550763382,0.6704545454545454,59,ablation
atomic_parameter_grid,True,0.17656134165878193,18.690085146641405,186.6253381333325,True,454,0.11663311514184163,19755.419999999966,1.7616432948092522,3.831394874656127,4.2761982424127805,-1.2128737309648856,1057,45.699485085227266,0.5704824976348155,603,perturb__flow_reversal_min_hold_bars__8,0.3478259762326979,18.919101123595542,30.956511884710114,31,0.020983654103241246,1683.8000000000034,2.43471851807671,4.893267309945944,8.793650953130399,True,-1.1746664004525493,89,45.14895833333333,0.01939732039777558,0.651685393258427,58,perturbation
atomic_parameter_grid,True,0.1805766728524003,20.267041306436095,187.9803164393487,True,441,0.12246665467348565,21097.989999999976,1.7901584811931848,3.8477386728135716,4.246000941522127,-1.2128737309648856,1041,45.00772372159091,0.5763688760806917,600,perturb__regime_mult_b__0p9,0.3495772953321067,19.85102272727278,30.762801989225387,30,0.023073554491541144,1746.8900000000049,2.4043201440584046,4.899263635763894,8.657694191561907,False,-1.174666400452549,88,44.641666666666666,0.018351571978810027,0.6590909090909091,58,perturbation
atomic_parameter_grid,False,,,,,,,,,,,,,,,,perturb__regime_mult_b__1p0,0.34062281766957536,20.586931818181874,29.974807954922632,31,0.023012817150783536,1811.6500000000049,2.4509915422566895,5.047176425635187,9.198992331797376,False,-1.1746664004525493,88,44.641666666666666,0.017991040080624906,0.6477272727272727,57,perturbation
atomic_parameter_grid,False,,,,,,,,,,,,,,,,perturb__failure_stop_mfe_max_r__0p1,0.35087785154954493,19.858636363636403,30.877250936359953,30,0.02541472803437481,1747.5600000000034,2.4859951361371486,4.986831661456928,7.928267026435282,False,-1.1746664004525493,88,44.641666666666666,0.015992250273648877,0.6590909090909091,58,perturbation
atomic_parameter_grid,False,,,,,,,,,,,,,,,,perturb__adaptive_trail_late_distance_r__0p1,0.3492571966561038,19.003932584269737,31.083890502393235,31,0.022667961098163755,1691.3500000000065,2.405032481018137,4.856170822145901,8.570420108060453,True,-1.1746664004525493,89,45.14895833333333,0.01592977526620013,0.651685393258427,58,perturbation
weakness_targeted,True,0.1608658375337155,15.701860696517379,161.67016672138408,False,430,0.10186584470462638,15780.369999999966,1.7378214392417337,3.5814729776377834,3.923905327268626,-1.2111221335953513,1005,43.451260653409086,0.572139303482587,575,target__orb_quality_size60,0.3568653599989693,17.907931034482786,31.047286319910327,31,0.018195750914947906,1557.9900000000025,2.5273663055732625,5.000726996661108,8.531450135119176,False,-1.167039750373074,87,44.134375,0.014254537021454563,0.6436781609195402,56,targeted
weakness_targeted,True,0.1832454519143506,19.78899430740034,193.14070631772555,True,444,0.11698214934141105,20857.59999999996,1.8039063707467733,3.9159213667464257,4.334310005698708,-1.2128737309648856,1054,45.56977982954545,0.5787476280834914,610,target__adaptive_activate018_distance010,0.34962178172392927,19.271477272727342,30.766716791705775,30,0.02329582446319641,1695.890000000006,2.4214267155034515,4.892636313100551,8.782840734992497,False,-1.1746664004525493,88,44.641666666666666,0.011278604303820586,0.6590909090909091,58,targeted
nested_atomic_counterfactual,True,0.1769128280436525,18.791129186602838,184.87390530561686,True,443,0.11779525988269696,19636.729999999967,1.7533982422640075,3.7601487339996478,4.161100459827579,-1.2128737309648856,1045,45.1806640625,0.5760765550239234,602,ablate__entry_score_size__pdh_breakout_6,0.3426632604173579,19.20280898876409,30.497030177144854,31,0.02298955447293115,1709.050000000004,2.434741728859384,4.745551976565846,8.53248227812144,False,-1.1746664004525493,89,45.14895833333333,0.010656995071727578,0.651685393258427,58,ablation
nested_atomic_parameter_grid,False,,,,,,,,,,,,,,,,perturb__score_size__pdh_breakout_6__1p0,0.3426632604173579,19.20280898876409,30.497030177144854,31,0.02298955447293115,1709.050000000004,2.434741728859384,4.745551976565846,8.53248227812144,False,-1.1746664004525493,89,45.14895833333333,0.010656995071727578,0.651685393258427,58,perturbation
nested_atomic_parameter_grid,False,,,,,,,,,,,,,,,,perturb__score_size__or_breakout_5__0p65,0.3426632604173578,18.642247191011286,30.497030177144843,31,0.02114637115202743,1659.1600000000044,2.4334491040727193,4.83470327523542,8.916906666114876,False,-1.1746664004525493,89,45.14895833333333,0.009247916993340877,0.651685393258427,58,perturbation
atomic_parameter_grid,False,,,,,,,,,,,,,,,,perturb__failure_stop_to_r__m0p5,0.34962317691229655,18.973181818181857,30.766839568282098,30,0.023092278542005316,1669.6400000000033,2.4039200517964874,4.815256064487733,8.319378941977442,False,-1.1746664004525493,88,44.641666666666666,0.007578011386495343,0.6590909090909091,58,perturbation
atomic_counterfactual,True,0.17031985807066044,17.95134067952248,185.4783254389492,True,466,0.12533011221177814,19549.00999999998,1.7307044085573364,3.72064018140024,4.0920365998593216,-1.211775615142342,1089,47.08300781249999,0.5720844811753902,623,ablate__pdh_avwap_cap_pct,0.3221112616709693,17.589368421052676,30.600569858742084,33,0.02254724058321648,1670.9900000000043,2.369147698408804,4.7833581091819,8.356786017597056,True,-1.1746664004525493,95,48.192708333333336,0.0075740870607856215,0.6526315789473685,62,ablation
nested_atomic_parameter_grid,False,,,,,,,,,,,,,,,,perturb__score_size__pdh_breakout_6__0p9,0.3426632604173579,19.004494382022518,30.497030177144854,31,0.02300591035568788,1691.4000000000042,2.415267213896637,4.737364156365007,8.446042748644405,False,-1.1746664004525493,89,45.14895833333333,0.007411027413677985,0.651685393258427,58,perturbation
atomic_counterfactual,True,0.17646344732158545,18.95111004784686,184.4043024510568,True,443,0.12444512883334319,19803.90999999997,1.7623503316724038,3.7837361435917845,4.195483551335768,-1.2140350093000785,1045,45.1806640625,0.5760765550239234,602,ablate__pdh_size_mult,0.3426632604173579,19.014831460674202,30.497030177144854,31,0.023003997158058405,1692.320000000004,2.3889235415777637,4.628861126821092,8.15036892331914,False,-1.174666400452549,89,45.14895833333333,0.006545468190640892,0.651685393258427,58,ablation
atomic_parameter_grid,False,,,,,,,,,,,,,,,,perturb__pdh_size_mult__1p0,0.3426632604173579,19.014831460674202,30.497030177144854,31,0.023003997158058405,1692.320000000004,2.3889235415777637,4.628861126821092,8.15036892331914,False,-1.174666400452549,89,45.14895833333333,0.006545468190640892,0.651685393258427,58,perturbation
atomic_parameter_grid,False,,,,,,,,,,,,,,,,perturb__flow_reversal_min_hold_bars__10,0.34436469727272445,18.684606741573074,30.648458057272475,31,0.02240884667659853,1662.9300000000035,2.392913682623452,4.807460210189062,8.403728507133314,True,-1.1746664004525493,89,45.14895833333333,0.0064442897440300535,0.651685393258427,58,perturbation
atomic_parameter_grid,False,,,,,,,,,,,,,,,,perturb__regime_mult_b__0p8,0.3426632604173579,18.898426966292185,30.497030177144854,31,0.023127335211492538,1681.9600000000046,2.3538971754232123,4.789149777729291,8.290817332845432,False,-1.1746664004525493,89,45.14895833333333,0.003400265900019229,0.651685393258427,58,perturbation
atomic_parameter_grid,False,,,,,,,,,,,,,,,,perturb__pdh_avwap_cap_pct__0p008,0.34015459215586624,18.395888888888937,30.613913294027963,31,0.023095310696316766,1655.6300000000042,2.37535928491918,4.777840205553027,8.246369160383978,True,-1.1746664004525493,90,45.65625,0.0026906040461343447,0.6555555555555556,59,perturbation
atomic_parameter_grid,False,,,,,,,,,,,,,,,,perturb__failure_stop_current_r_max__0p1,0.34352895197866856,18.63561797752813,30.574076726101502,31,0.023081234627021434,1658.5700000000038,2.3855362304312306,4.778387711306587,8.262880651025611,True,-1.1746664004525493,89,45.14895833333333,0.002519387993073738,0.651685393258427,58,perturbation
atomic_parameter_grid,False,,,,,,,,,,,,,,,,perturb__failure_stop_current_r_max__0p2,0.34352895197866856,18.63561797752813,30.574076726101502,31,0.023081234627021434,1658.5700000000038,2.3855362304312306,4.778387711306587,8.262880651025611,True,-1.1746664004525493,89,45.14895833333333,0.002519387993073738,0.651685393258427,58,perturbation
atomic_parameter_grid,False,,,,,,,,,,,,,,,,perturb__mfe_conviction_floor_r__m0p1,0.3440055422965525,18.59011235955061,30.616493264393174,31,0.0230897159172873,1654.5200000000043,2.377492486117017,4.7790433674443324,8.283766898662602,True,-1.1746664004525493,89,45.14895833333333,0.0021948408707381994,0.651685393258427,58,perturbation
atomic_counterfactual,True,0.16923958132920644,18.98937679769891,176.51688332636232,False,431,0.12388271049172157,19805.919999999962,1.7676382915308664,3.768538507395502,4.080439660067111,-1.2128737309648856,1043,45.09419389204545,0.5867689357622243,612,ablate__failure_stop_bars,0.34805208828490636,19.505454545454565,30.62858376907176,29,0.027021556613660243,1716.4800000000018,2.4268210571815736,4.877036495330497,7.337264876326733,False,-1.1746664004525493,88,44.641666666666666,0.0018910134556466025,0.6704545454545454,59,ablation
supplemental_bundle,False,,,,,,,,,,,,,,,,ablate__failure_stop_bundle,0.34805208828490636,19.505454545454565,30.62858376907176,29,0.027021556613660243,1716.4800000000018,2.4268210571815736,4.877036495330497,7.337264876326733,False,-1.1746664004525493,88,44.641666666666666,0.0018910134556466025,0.6704545454545454,59,ablation
atomic_counterfactual,True,0.16923958132920644,18.98937679769891,176.51688332636232,False,431,0.12388271049172157,19805.919999999962,1.7676382915308664,3.768538507395502,4.080439660067111,-1.2128737309648856,1043,45.09419389204545,0.5867689357622243,612,ablate__failure_stop_current_r_max,0.34805208828490636,19.505454545454565,30.62858376907176,29,0.027021556613660243,1716.4800000000018,2.4268210571815736,4.877036495330497,7.337264876326733,False,-1.1746664004525493,88,44.641666666666666,0.0018910134556466025,0.6704545454545454,59,ablation
atomic_counterfactual,True,0.16923958132920644,18.98937679769891,176.51688332636232,False,431,0.12388271049172157,19805.919999999962,1.7676382915308664,3.768538507395502,4.080439660067111,-1.2128737309648856,1043,45.09419389204545,0.5867689357622243,612,ablate__failure_stop_to_r,0.34805208828490636,19.505454545454565,30.62858376907176,29,0.027021556613660243,1716.4800000000018,2.4268210571815736,4.877036495330497,7.337264876326733,False,-1.1746664004525493,88,44.641666666666666,0.0018910134556466025,0.6704545454545454,59,ablation
atomic_parameter_grid,False,,,,,,,,,,,,,,,,perturb__combined_avwap_cap_pct__0p002,0.34640238849360777,19.398505747126492,30.137007798943877,30,0.023099251718215995,1687.6700000000048,2.419904423766184,4.828736690670129,8.40513007935961,False,-1.1746664004525493,87,44.134375,0.0017434982318427572,0.6551724137931034,57,perturbation
atomic_parameter_grid,False,,,,,,,,,,,,,,,,perturb__adaptive_trail_late_activate_r__0p18,0.34443825532766714,18.6086516853933,30.655004724162374,30,0.02393097785004585,1656.1700000000037,2.3892761574015893,4.7920338347436156,8.400965651019343,True,-1.1746664004525493,89,45.14895833333333,0.0015292502824368354,0.6629213483146067,59,perturbation
round2_removed_nested_rule,False,,,,,,,,,,,,,,,,perturb__restore_no_adx_size__0p85,0.3426632604173579,18.548539325842743,30.497030177144854,31,0.023078074061311012,1650.8200000000043,2.406329599182187,4.899221628262026,8.758964393166758,False,-1.174666400452549,89,45.14895833333333,0.0012029486250069315,0.651685393258427,58,perturbation
atomic_parameter_grid,False,,,,,,,,,,,,,,,,perturb__failure_stop_to_r__m0p3,0.3480226341307803,18.781704545454588,30.625991803508665,30,0.023518711136542605,1652.7900000000036,2.3723616254546123,4.776187470791471,8.221653859251639,False,-1.1746664004525493,88,44.641666666666666,0.0008411763006120315,0.6590909090909091,58,perturbation
nested_atomic_parameter_grid,False,,,,,,,,,,,,,,,,perturb__score_size__or_breakout_5__0p7,0.33570176899336573,18.411000000000044,30.213159209402917,32,0.022346242056931455,1656.990000000004,2.399472977424185,4.796686490894844,8.49022836741277,False,-1.1746664004525493,90,45.65625,1.5924726234316667e-05,0.6444444444444445,58,perturbation
atomic_parameter_grid,False,,,,,,,,,,,,,,,,perturb__failure_stop_current_r_max__m0p1,0.34255775849194764,18.554269662921392,30.48764050578334,31,0.023096400631659013,1651.330000000004,2.3711948849954414,4.766596294759099,8.22411815364672,False,-1.1746664004525493,89,45.14895833333333,-0.00024080202589559264,0.651685393258427,58,perturbation
atomic_parameter_grid,False,,,,,,,,,,,,,,,,perturb__failure_stop_bars__16,0.3487647402127698,19.41818181818184,30.691297138723744,29,0.02761618885619601,1708.800000000002,2.418467974897902,4.855591639217081,7.290351841103996,False,-1.1746664004525493,88,44.641666666666666,-0.00045113791468914116,0.6704545454545454,59,perturbation
nested_atomic_parameter_grid,False,,,,,,,,,,,,,,,,perturb__score_size__combined_breakout_7__1p1,0.3426632604173579,18.407078651685445,30.497030177144854,31,0.02293390382574037,1638.2300000000046,2.363510004328004,4.759523472470444,8.169148146816013,False,-1.1746664004525493,89,45.14895833333333,-0.0017376267843161354,0.651685393258427,58,perturbation
nested_atomic_parameter_grid,False,,,,,,,,,,,,,,,,perturb__score_size__pdh_breakout_6__0p75,0.34062281766957536,19.111704545454597,29.974807954922632,31,0.023025830658944455,1681.8300000000045,2.4003696950016327,4.744108284078163,8.396265947034614,False,-1.1746664004525493,88,44.641666666666666,-0.002044807445607319,0.6477272727272727,57,perturbation
atomic_counterfactual,True,0.17493904434070226,18.700476190476163,183.68599655773738,True,446,0.12278670047174103,19635.49999999997,1.763869113475342,3.7819463827653967,4.154699541805373,-1.2128737309648856,1050,45.39683948863636,0.5752380952380952,604,ablate__carry_min_r,0.3417422804947201,18.49943820224724,30.41506296403009,31,0.023106634270709442,1646.4500000000044,2.367733306750411,4.749636683818782,8.17647341266323,False,-1.1746664004525493,89,45.14895833333333,-0.0020583568351911206,0.651685393258427,58,ablation
atomic_parameter_grid,False,,,,,,,,,,,,,,,,perturb__failure_stop_bars__14,0.349333822310267,19.280681818181844,30.741376363303495,29,0.027621953249342242,1696.7000000000023,2.401930163766468,4.857206427488387,7.3306451479994905,False,-1.1746664004525493,88,44.641666666666666,-0.002104943510871265,0.6704545454545454,59,perturbation
atomic_parameter_grid,False,,,,,,,,,,,,,,,,perturb__pdh_size_mult__0p9,0.34062281766957536,19.12465909090914,29.974807954922632,31,0.023025893159276493,1682.9700000000043,2.387410039323026,4.686693093026562,8.249647230051599,False,-1.174666400452549,88,44.641666666666666,-0.002377944193938283,0.6477272727272727,57,perturbation
atomic_counterfactual,True,0.17996741205299868,18.9464340344168,188.24591300743663,True,451,0.12259865072381283,19817.969999999972,1.7627256804329268,3.789637183759344,4.199861890778136,-1.2140350093000785,1046,45.223899147727266,0.5688336520076482,595,ablate__adaptive_trail_late_activate_r,0.34235983065478665,18.442696629213525,30.47002492827601,32,0.02308829146280262,1641.4000000000037,2.3573141486810623,4.735844805357262,8.09982863052821,False,-1.1746664004525493,89,45.14895833333333,-0.00305195665012792,0.6404494382022472,57,ablation
atomic_parameter_grid,False,,,,,,,,,,,,,,,,perturb__adaptive_trail_late_activate_r__0p25,0.34235983065478665,18.442696629213525,30.47002492827601,32,0.02308829146280262,1641.4000000000037,2.3573141486810623,4.735844805357262,8.09982863052821,False,-1.1746664004525493,89,45.14895833333333,-0.00305195665012792,0.6404494382022472,57,perturbation
nested_atomic_parameter_grid,False,,,,,,,,,,,,,,,,perturb__score_size__pdh_breakout_6__0p65,0.34062281766957536,19.042386363636414,29.974807954922632,31,0.02303854604314379,1675.7300000000043,2.391883249026115,4.748209359803522,8.3645633774186,False,-1.1746664004525493,88,44.641666666666666,-0.0032546660857137844,0.6477272727272727,57,perturbation
atomic_counterfactual,True,0.17819418798185593,18.370663129973444,201.53762660747907,False,481,0.1352847241882773,20777.219999999965,1.7384491700931421,3.8357546153453552,4.079501264254413,-1.2099696115197982,1131,48.89888139204545,0.5747126436781609,650,ablate__combined_breakout_min_rvol,0.3175094411329551,17.15431578947371,30.163396907630734,34,0.02162604090010337,1629.6600000000024,2.3115448070500233,4.630566055655609,7.007419639613552,False,-1.1746664004525493,95,48.192708333333336,-0.003970606899451101,0.6421052631578947,61,ablation
atomic_parameter_grid,False,,,,,,,,,,,,,,,,perturb__regime_mult_b__0p6,0.3426632604173579,18.159887640449483,30.497030177144854,31,0.023094199906530423,1616.230000000004,2.372338076962274,4.717200656783068,8.145143694058836,False,-1.174666400452549,89,45.14895833333333,-0.004951773594390567,0.651685393258427,58,perturbation
atomic_parameter_grid,False,,,,,,,,,,,,,,,,perturb__mfe_conviction_floor_r__m0p05,0.3379749033687704,18.042222222222268,30.417741303189334,32,0.022960968628046738,1623.800000000004,2.345976906690105,4.685478571662398,7.974543469533941,False,-1.1746664004525493,90,45.65625,-0.005758207918700169,0.6444444444444445,58,perturbation
atomic_parameter_grid,False,,,,,,,,,,,,,,,,perturb__adaptive_trail_late_activate_r__0p15,0.341153426936926,18.392247191011275,30.362654997386414,30,0.023972826619888542,1636.9100000000035,2.37311993020779,4.72401006748695,8.184287654332884,False,-1.1746664004525493,89,45.14895833333333,-0.005822593932200723,0.6629213483146067,59,perturbation
atomic_parameter_grid,False,,,,,,,,,,,,,,,,perturb__failure_stop_current_r_max__m0p2,0.34028642463128356,18.445056179775325,30.285491792184235,31,0.023978545368740053,1641.6100000000038,2.3522100130146195,4.734985054758469,8.122231372585798,False,-1.1746664004525493,89,45.14895833333333,-0.0077058459436402365,0.651685393258427,58,perturbation
weakness_targeted,True,0.17157699015790637,17.821172545281197,179.98426267564378,True,462,0.11084712675423321,18694.409999999974,1.7319246683037437,3.7093607093832346,4.195577258738305,-1.2128737309648856,1049,45.353604403409086,0.559580552907531,587,target__failure8_mfe015_to_m020,0.3343833799037942,18.479438202247223,29.760120811437684,34,0.021555074932462635,1644.670000000003,2.3804052239307123,4.740245217612165,7.380786929392495,False,-1.1746664004525493,89,45.14895833333333,-0.007996751964058042,0.6179775280898876,55,targeted
weakness_targeted,True,0.16494436525252404,16.943604985618382,172.03697295838256,False,452,0.11031731218312965,17672.17999999997,1.7508219998122099,3.7026561629247383,4.040363942359302,-1.208305917921072,1043,45.09419389204545,0.5666347075743049,591,target__rvol190_quality_size70,0.33186227855046296,18.734367816091982,28.872018233890277,30,0.01954393540025318,1629.8900000000026,2.5389096608505235,4.991249646874025,8.904198148579304,False,-1.167039750373074,87,44.134375,-0.008150761024305436,0.6551724137931034,57,targeted
nested_atomic_counterfactual,True,0.17476687034065458,18.29568181818179,184.55381507973124,True,449,0.11974812285751622,19320.239999999972,1.7558779342722994,3.768794028448097,4.14451071639558,-1.2140350093000785,1056,45.65625,0.5748106060606061,607,ablate__entry_score_size__combined_breakout_7,0.3426632604173579,17.93258426966297,30.497030177144854,31,0.02281405238356713,1596.0000000000043,2.3301219278433942,4.717121326900992,7.977248858467879,False,-1.1746664004525493,89,45.14895833333333,-0.008521095707750408,0.651685393258427,58,ablation
nested_atomic_parameter_grid,False,,,,,,,,,,,,,,,,perturb__score_size__combined_breakout_7__1p0,0.3426632604173579,17.93258426966297,30.497030177144854,31,0.02281405238356713,1596.0000000000043,2.3301219278433942,4.717121326900992,7.977248858467879,False,-1.1746664004525493,89,45.14895833333333,-0.008521095707750408,0.651685393258427,58,perturbation
atomic_parameter_grid,False,,,,,,,,,,,,,,,,perturb__combined_avwap_cap_pct__0p0025,0.33927689188512955,18.80715909090914,29.8563664858914,31,0.023099251718215995,1655.0300000000043,2.374860854973509,4.772715445575864,8.243141002615037,False,-1.1746664004525493,88,44.641666666666666,-0.008565195978255098,0.6477272727272727,57,perturbation
atomic_counterfactual,True,0.17589403341970264,16.73043851286937,184.51284105726808,False,447,0.11619548163739904,17550.22999999997,1.726879829494035,3.628762347058849,4.008173992427823,-1.215149836501862,1049,45.353604403409086,0.5738798856053384,602,ablate__regime_mult_b,0.34062281766957536,18.39136363636368,29.974807954922632,31,0.02302339341061759,1618.4400000000037,2.4488000071614726,4.800993882344122,8.490960337109046,False,-1.174666400452549,88,44.641666666666666,-0.009026300721708016,0.6477272727272727,57,ablation
atomic_parameter_grid,False,,,,,,,,,,,,,,,,perturb__regime_mult_b__0p5,0.34062281766957536,18.39136363636368,29.974807954922632,31,0.02302339341061759,1618.4400000000037,2.4488000071614726,4.800993882344122,8.490960337109046,False,-1.174666400452549,88,44.641666666666666,-0.009026300721708016,0.6477272727272727,57,perturbation
atomic_parameter_grid,False,,,,,,,,,,,,,,,,perturb__failure_stop_to_r__m0p4,0.3444288170118311,18.594204545454584,30.309735897041136,30,0.02423358750367466,1636.2900000000034,2.3402984830117033,4.7372777253335565,8.09934702415618,False,-1.1746664004525493,88,44.641666666666666,-0.009107649038728165,0.6590909090909091,58,perturbation
round2_removed_nested_rule,False,,,,,,,,,,,,,,,,perturb__restore_no_adx_size__0p7,0.334345845756714,17.967444444444496,30.09112611810426,32,0.02293940760241135,1617.0700000000045,2.3916384822588914,5.000967401217146,8.89601442432054,False,-1.174666400452549,90,45.65625,-0.009271899750728518,0.6444444444444445,58,perturbation
atomic_parameter_grid,False,,,,,,,,,,,,,,,,perturb__mfe_conviction_min_r__0p25,0.33343560331139205,17.922857142857172,30.342639901336675,33,0.023933853157057875,1630.9800000000025,2.3240945955819736,4.703069944690254,8.013108657267347,False,-1.1746664004525493,91,46.16354166666667,-0.009693827075413684,0.6373626373626373,58,perturbation
atomic_counterfactual,True,0.19389935943139636,18.77176352705408,193.51156071253357,False,418,0.1216338907232807,18734.219999999972,1.7825753502938053,3.7641089268454473,4.073886708746404,-1.2142699295770212,998,43.14861505681818,0.5811623246492986,580,ablate__entry_window_end,0.34877008822624145,18.54845238095243,29.29668741100428,30,0.01635969394572421,1558.070000000004,2.3851850534757055,4.9256367194732595,8.257019501386113,False,-1.1746664004525493,84,42.612500000000004,-0.009813328167710862,0.6428571428571429,54,ablation
atomic_time_grid,False,,,,,,,,,,,,,,,,perturb__entry_window_end__1200,0.34877008822624145,18.54845238095243,29.29668741100428,30,0.01635969394572421,1558.070000000004,2.3851850534757055,4.9256367194732595,8.257019501386113,False,-1.1746664004525493,84,42.612500000000004,-0.009813328167710862,0.6428571428571429,54,perturbation
nested_atomic_parameter_grid,False,,,,,,,,,,,,,,,,perturb__score_size__combined_breakout_7__1p2,0.33689208434386947,18.314157303370834,29.98339550660438,31,0.022948106451568775,1629.9600000000041,2.356626826913482,4.7383153083751575,8.124860728805919,False,-1.1746664004525493,89,45.14895833333333,-0.01009858213564663,0.651685393258427,58,perturbation
atomic_parameter_grid,False,,,,,,,,,,,,,,,,perturb__combined_breakout_min_rvol__2p3,0.3367709684061098,18.171666666666717,30.309387156549885,32,0.024583632812783383,1635.4500000000044,2.340335032536191,4.704328803789771,7.821817062904776,False,-1.1746664004525493,90,45.65625,-0.010719476792112458,0.6444444444444445,58,perturbation
nested_atomic_parameter_grid,False,,,,,,,,,,,,,,,,perturb__score_size__combined_breakout_7__1p25,0.3382117644623438,18.69181818181823,29.762635272686254,31,0.023124122005282983,1644.8800000000042,2.3664290817259057,4.749091172138546,8.18990064973524,False,-1.1746664004525493,88,44.641666666666666,-0.011638739729414118,0.6477272727272727,57,perturbation
atomic_parameter_grid,False,,,,,,,,,,,,,,,,perturb__failure_stop_bars__8,0.3253735122722754,17.726043956044016,29.608989616777063,33,0.020147422818645608,1613.0700000000056,2.2790367598084393,4.774972372167573,7.636662109962847,False,-1.1746664004525493,91,46.16354166666667,-0.012209796555397912,0.6373626373626373,58,perturbation
atomic_counterfactual,True,0.17754144804682648,18.888228571428538,186.4185204491678,True,447,0.12275776036784833,19832.639999999967,1.7700823796920997,3.782796555805471,4.187048439431384,-1.2128737309648856,1050,45.39683948863636,0.5742857142857143,603,ablate__mfe_conviction_check_bars,0.3369630685839788,18.154157303370834,29.98971310397411,32,0.022841257584918177,1615.7200000000043,2.3313118495752496,4.657064780164652,7.8568758013975195,False,-1.1746664004525493,89,45.14895833333333,-0.01332262933485531,0.6404494382022472,57,ablation
atomic_parameter_grid,False,,,,,,,,,,,,,,,,perturb__mfe_conviction_check_bars__12,0.3369630685839788,18.154157303370834,29.98971310397411,32,0.022841257584918177,1615.7200000000043,2.3313118495752496,4.657064780164652,7.8568758013975195,False,-1.1746664004525493,89,45.14895833333333,-0.01332262933485531,0.6404494382022472,57,perturbation
round2_removed_nested_rule,False,,,,,,,,,,,,,,,,perturb__restore_no_adx_size__0p55,0.3299290612799705,16.98510869565221,30.353473637757286,33,0.02297349977039259,1562.6300000000035,2.368890874528053,4.993639166684212,8.850858621011747,False,-1.1746664004525493,92,46.670833333333334,-0.013897487881719024,0.6413043478260869,59,perturbation
atomic_parameter_grid,False,,,,,,,,,,,,,,,,perturb__failure_stop_mfe_max_r__0p25,0.33371916060836926,18.183000000000032,30.034724454753235,34,0.023951840227830815,1636.4700000000028,2.3351527315449454,4.7165155371907055,8.080414652559277,False,-1.1746664004525493,90,45.65625,-0.013901676338321591,0.6222222222222222,56,perturbation
atomic_parameter_grid,False,,,,,,,,,,,,,,,,perturb__opening_range_bars__5,0.34039258112994475,19.32360465116284,29.273761977175248,30,0.024073339391688882,1661.830000000004,2.456480775466928,4.74201716715236,8.210384835943858,False,-1.1746664004525493,86,43.62708333333334,-0.01556095760559379,0.6511627906976745,56,perturbation
atomic_parameter_grid,False,,,,,,,,,,,,,,,,perturb__or_width_min_pct__0p003,0.3295150344908083,19.552560975609754,27.020232828246282,28,0.013232368978099788,1603.31,2.619259708125032,5.196880527878562,8.89667816696522,False,-1.1514269274179922,82,41.59791666666667,-0.015809171544246374,0.6585365853658537,54,perturbation
nested_atomic_parameter_grid,False,,,,,,,,,,,,,,,,perturb__score_size__combined_breakout_7__0p9,0.33570176899336573,17.45977777777783,30.213159209402917,32,0.02300132355414485,1571.3800000000047,2.309516071235122,4.687028222443686,7.83760422099735,False,-1.1746664004525493,90,45.65625,-0.017302613258752934,0.6444444444444445,58,perturbation
atomic_parameter_grid,False,,,,,,,,,,,,,,,,perturb__rvol_threshold__2p1,0.33619711181577205,19.98916666666671,28.240557392524853,29,0.0224769302306111,1679.0900000000036,2.5602315597762546,5.040028905685024,8.27712486586641,False,-1.1746664004525493,84,42.612500000000004,-0.018618915218112563,0.6547619047619048,55,perturbation
weakness_targeted,False,,,,,,,,,,,,,,,,target__pdh_cap008_size065,0.33195614543942165,17.059670329670375,30.20800923498737,32,0.02271800403423487,1552.4300000000042,2.2847625668272245,4.836392579468825,7.900233791914379,False,-1.174666400452549,91,46.16354166666667,-0.01955992726705198,0.6483516483516484,59,targeted
nested_atomic_parameter_grid,False,,,,,,,,,,,,,,,,perturb__score_size__or_breakout_5__0p85,0.33570176899336573,17.78133333333339,30.213159209402917,32,0.024620195135136972,1600.320000000005,2.2599952759625306,4.59234099833701,7.426484754904508,False,-1.1746664004525493,90,45.65625,-0.02005851545156099,0.6444444444444445,58,perturbation
atomic_parameter_grid,False,,,,,,,,,,,,,,,,perturb__failure_stop_to_r__m0p2,0.33045401125280405,17.676111111111155,29.740861012752365,33,0.02267213701231353,1590.850000000004,2.3051414788622697,4.572847821759125,7.517989411255084,False,-1.1746664004525493,90,45.65625,-0.020767330423108025,0.6333333333333333,57,perturbation
atomic_parameter_grid,False,,,,,,,,,,,,,,,,perturb__pdh_size_mult__0p65,0.334345845756714,17.213222222222267,30.09112611810426,32,0.02271800403423487,1549.1900000000041,2.2820812023106156,4.827705397487299,7.8849041049345026,False,-1.174666400452549,90,45.65625,-0.022208818173235688,0.6444444444444445,58,perturbation
nested_atomic_parameter_grid,False,,,,,,,,,,,,,,,,perturb__score_size__pdh_breakout_6__0p35,0.334345845756714,17.20088888888893,30.09112611810426,32,0.022728397982142733,1548.0800000000036,2.281533787531361,4.801305412150916,7.790493735003099,False,-1.1746664004525493,90,45.65625,-0.02241564382139098,0.6444444444444445,58,perturbation
atomic_parameter_grid,False,,,,,,,,,,,,,,,,perturb__pdh_size_mult__0p5,0.334345845756714,17.08677777777782,30.09112611810426,32,0.022749256191369208,1537.8100000000036,2.2973248859006117,4.886047557083175,7.946183753894745,False,-1.174666400452549,90,45.65625,-0.023309734816303163,0.6444444444444445,58,perturbation
atomic_parameter_grid,False,,,,,,,,,,,,,,,,perturb__failure_stop_bars__12,0.3399919743239227,18.47159090909094,29.919293740505196,30,0.02663407533889608,1625.5000000000027,2.3233845427382835,4.690744580310113,7.511666410363736,False,-1.1746664004525493,88,44.641666666666666,-0.023796853976331044,0.6590909090909091,58,perturbation
atomic_parameter_grid,False,,,,,,,,,,,,,,,,perturb__pdh_size_mult__0p35,0.334345845756714,16.87222222222226,30.09112611810426,32,0.022757150568630178,1518.5000000000032,2.305226061543757,4.902440230953579,7.934096505032948,False,-1.174666400452549,90,45.65625,-0.02572258045797257,0.6444444444444445,58,perturbation
atomic_parameter_grid,False,,,,,,,,,,,,,,,,perturb__or_width_min_pct__0p002,0.3337463923341721,18.00534090909097,29.369682525407143,32,0.023013004692565116,1584.4700000000055,2.3204246772836075,4.5953612166696045,8.228010522454559,False,-1.1746664004525493,88,44.641666666666666,-0.027459498564356397,0.6363636363636364,56,perturbation
atomic_parameter_grid,False,,,,,,,,,,,,,,,,perturb__fr_mfe_grace_r__0p25,0.32784336858993685,17.884777777777817,29.505903173094318,34,0.024611973996334104,1609.6300000000035,2.288002816653471,4.63621195754795,7.8215100927432015,False,-1.1746664004525493,90,45.65625,-0.028510923050702016,0.6222222222222222,56,perturbation
nested_atomic_counterfactual,True,0.18113845102844683,19.77374636979668,187.11601991238558,True,434,0.1191154979309007,20426.27999999997,1.7496867478369622,3.74377735909816,3.980951219338656,-1.2139218376533127,1033,44.66184303977273,0.579864472410455,599,ablate__entry_score_size__or_breakout_5,0.35259318630196557,18.82905882352947,29.970420835667074,29,0.026119720183070797,1600.4700000000048,2.2393773957486434,4.57354854222785,6.623622762086154,False,-1.1746664004525493,85,43.11979166666667,-0.0287187879005363,0.6588235294117647,56,ablation
nested_atomic_parameter_grid,False,,,,,,,,,,,,,,,,perturb__score_size__or_breakout_5__1p0,0.35259318630196557,18.82905882352947,29.970420835667074,29,0.026119720183070797,1600.4700000000048,2.2393773957486434,4.57354854222785,6.623622762086154,False,-1.1746664004525493,85,43.11979166666667,-0.0287187879005363,0.6588235294117647,56,perturbation
atomic_parameter_grid,False,,,,,,,,,,,,,,,,perturb__adaptive_trail_late_distance_r__0p15,0.33076300727952507,17.592808988764094,29.43790764787773,31,0.023676346500614016,1565.7600000000045,2.304115339446799,4.624643607583963,7.658346245694527,False,-1.1746664004525493,89,45.14895833333333,-0.030570629891962946,0.651685393258427,58,perturbation
weakness_targeted,False,,,,,,,,,,,,,,,,target__adaptive_activate025_distance015,0.3294113134381801,17.468764044943867,29.31760689599803,32,0.023676346500614016,1554.7200000000041,2.288993906230575,4.588437594518572,7.537952257670905,False,-1.1746664004525493,89,45.14895833333333,-0.03498848022822224,0.6404494382022472,57,targeted
atomic_time_grid,False,,,,,,,,,,,,,,,,perturb__entry_window_end__1330,0.30997705285394134,16.42010638297879,29.137842968270487,34,0.02212824665035956,1543.4900000000064,2.1791998044204144,4.762220658643109,7.841234943159549,False,-1.1746664004525493,94,47.68541666666667,-0.03670040451527727,0.6382978723404256,60,perturbation
atomic_time_grid,False,,,,,,,,,,,,,,,,perturb__entry_window_end__1300,0.3194376847527,17.14109890109897,29.0688293124957,33,0.023107598156735725,1559.8400000000063,2.226173631418431,4.770935752619922,7.778337354117958,False,-1.1746664004525493,91,46.16354166666667,-0.03780643843943,0.6373626373626373,58,perturbation
atomic_parameter_grid,False,,,,,,,,,,,,,,,,perturb__adaptive_trail_start_bars__28,0.31889485497881526,17.809325842696683,28.381642093114557,33,0.021422855763839385,1585.0300000000047,2.2720130328710924,4.635886349243146,7.827620010488096,False,-1.1746664004525493,89,45.14895833333333,-0.03785497783619185,0.6292134831460674,56,perturbation
atomic_parameter_grid,False,,,,,,,,,,,,,,,,perturb__combined_breakout_min_rvol__2p2,0.3167490855951524,16.92021739130439,29.140915874754022,34,0.024262104651776615,1556.660000000004,2.2368285144487157,4.499677377693435,7.024718186709208,False,-1.1746664004525493,92,46.670833333333334,-0.04043192677808272,0.6304347826086957,58,perturbation
atomic_counterfactual,True,0.17374709347233033,18.38799429657792,182.7819423328915,True,456,0.12300260350302078,19344.16999999997,1.7621143760361564,3.7522580520836333,4.123154251653133,-1.2128737309648856,1052,45.48330965909091,0.5665399239543726,596,ablate__mfe_conviction_floor_r,0.3234043547366644,17.684831460674193,28.782987571563133,35,0.02430721157799498,1573.9500000000032,2.3126313507022127,4.530626110638355,7.432662111294349,False,-1.1746664004525493,89,45.14895833333333,-0.04258260398360749,0.6067415730337079,54,ablation
atomic_parameter_grid,False,,,,,,,,,,,,,,,,perturb__mfe_conviction_floor_r__0p0,0.3234043547366644,17.684831460674193,28.782987571563133,35,0.02430721157799498,1573.9500000000032,2.3126313507022127,4.530626110638355,7.432662111294349,False,-1.1746664004525493,89,45.14895833333333,-0.04258260398360749,0.6067415730337079,54,perturbation
atomic_parameter_grid,False,,,,,,,,,,,,,,,,perturb__mfe_conviction_min_r__0p3,0.32397902552635804,17.45233333333336,29.158112297372224,35,0.026725364638918517,1570.7100000000023,2.2374225975703967,4.512667682008098,7.318859419907843,False,-1.1746664004525493,90,45.65625,-0.0475944740490381,0.6111111111111112,55,perturbation
atomic_parameter_grid,False,,,,,,,,,,,,,,,,perturb__failure_stop_to_r__0p0,0.32197229065118627,17.02722222222226,28.977506158606765,36,0.024335669440794135,1532.4500000000035,2.259544494398653,4.438571459885869,7.131422771054897,False,-1.1746664004525493,90,45.65625,-0.04794029297115725,0.6,54,perturbation
weakness_targeted,False,,,,,,,,,,,,,,,,target__failure12_mfe025_to_m020,0.3237455873214579,17.516222222222236,29.13710285893121,35,0.027552392580879197,1576.4600000000014,2.253347114008591,4.530692323009345,7.1837778799159695,False,-1.1746664004525493,90,45.65625,-0.0489777257695485,0.6111111111111112,55,targeted
atomic_parameter_grid,False,,,,,,,,,,,,,,,,perturb__rvol_threshold__2p2,0.32081686503864415,19.764939759036178,26.627799798207466,30,0.02347033648304778,1640.4900000000027,2.5856119697277333,4.853155667388417,7.70220989808426,False,-1.1746664004525493,83,42.10520833333334,-0.04939616821625604,0.6385542168674698,53,perturbation
atomic_counterfactual,True,0.1779444955578054,19.03185727355899,194.4933336446813,True,463,0.12079757789493081,20801.819999999978,1.7643158905742373,3.8230954502648546,4.272773452622309,-1.211775615142342,1093,47.255948153409086,0.576395242451967,630,ablate__block_combined_regime_b,0.3156809349488757,17.02388888888894,28.411284145398817,33,0.022749757258832527,1532.1500000000046,2.1827073008815487,4.413418950235255,8.100709594444158,False,-1.1746664004525493,90,45.65625,-0.05162782460444795,0.6333333333333333,57,ablation
weakness_targeted,False,,,,,,,,,,,,,,,,target__entry1300_rvol21,0.3187791470072663,18.840000000000067,27.096227495617633,30,0.022566338034233625,1601.4000000000058,2.3961030469465276,5.087309677438139,7.895250621536431,False,-1.1746664004525493,85,43.11979166666667,-0.051856724104420576,0.6470588235294118,55,targeted
atomic_parameter_grid,False,,,,,,,,,,,,,,,,perturb__adaptive_trail_late_activate_r__0p3,0.32199420118467914,17.026292134831504,28.657483905436443,34,0.02305490907674352,1515.3400000000038,2.135341275192933,4.395656808523415,6.903024064597399,False,-1.1746664004525493,89,45.14895833333333,-0.054671550192966975,0.6179775280898876,55,perturbation
atomic_parameter_grid,False,,,,,,,,,,,,,,,,perturb__adaptive_trail_late_distance_r__0p18,0.3147003272533811,16.460888888888963,28.3230294528043,32,0.02252977619276219,1481.4800000000066,2.2345975316049667,4.4823915239312395,7.234125561699017,False,-1.1746664004525493,90,45.65625,-0.05654758497704143,0.6444444444444445,58,perturbation
atomic_parameter_grid,False,,,,,,,,,,,,,,,,perturb__failure_stop_bars__6,0.29383453011051996,16.36000000000006,27.32661130027836,38,0.01953222580215746,1521.4800000000057,2.180027300366081,4.595188892582362,7.757314491129998,False,-1.1746664004525493,93,47.178125,-0.05917242645580957,0.5913978494623656,55,perturbation
atomic_parameter_grid,False,,,,,,,,,,,,,,,,perturb__failure_stop_to_r__m0p1,0.3130105649247657,16.913777777777817,28.170950843228912,37,0.024449955894197038,1522.2400000000036,2.243304610609718,4.409406286722389,7.012393432040731,False,-1.1746664004525493,90,45.65625,-0.06180855894826654,0.5888888888888889,53,perturbation
round2_bundle_crosscheck,True,0.13995717519941978,13.481518026565452,147.51486266018844,False,461,0.13749994468316667,14209.519999999986,1.6019276738924424,3.161501467890539,3.3829092819402007,-1.2140350093000785,1054,45.56977982954545,0.562618595825427,593,restore__round1_exact_delta,0.3078470660804882,17.21931818181827,27.090541815082958,32,0.021683304119074417,1515.300000000008,2.3058315595350023,4.483535255577207,7.808876608479757,False,-1.1746664004525493,88,44.641666666666666,-0.06437352213376192,0.6363636363636364,56,ablation
atomic_parameter_grid,False,,,,,,,,,,,,,,,,perturb__combined_breakout_min_rvol__2p7,0.31766263552635365,16.675340909090963,27.95431192631912,31,0.022760474249790358,1467.4300000000048,2.2395614235152093,4.414355202981866,7.409026149922225,False,-1.1746664004525493,88,44.641666666666666,-0.06446286639806897,0.6477272727272727,57,perturbation
atomic_counterfactual,True,0.1404726555012539,13.772298195631516,147.91770624282034,False,459,0.13450490996900613,14502.229999999985,1.6145090827425765,3.193503495770154,3.4328040116238134,-1.2128737309648856,1053,45.52654474431818,0.5641025641025641,594,ablate__adaptive_trail_late_distance_r,0.3019870369206462,16.463146067415813,26.876846285937514,32,0.02226945871485893,1465.2200000000073,2.221047192846498,4.361653358323436,7.094009760623564,False,-1.1746664004525493,89,45.14895833333333,-0.07857736437888176,0.6404494382022472,57,ablation
atomic_parameter_grid,False,,,,,,,,,,,,,,,,perturb__adaptive_trail_late_distance_r__0p2,0.3019870369206462,16.463146067415813,26.876846285937514,32,0.02226945871485893,1465.2200000000073,2.221047192846498,4.361653358323436,7.094009760623564,False,-1.1746664004525493,89,45.14895833333333,-0.07857736437888176,0.6404494382022472,57,perturbation
atomic_counterfactual,True,0.15736912050522278,15.682391904323788,171.06023398917716,False,521,0.10030469378483046,17046.75999999996,1.65533559944426,3.6434433177968875,4.350928632098955,-1.1995458971569366,1087,46.99653764204545,0.5206991720331187,566,ablate__flow_reversal_min_hold_bars,0.2767662608504694,13.74000000000004,27.67662608504694,46,0.019074321463160956,1374.0000000000039,2.009055057392766,4.201638468428712,5.428583097650931,False,-1.1560621768550272,100,50.72916666666667,-0.07925108154820623,0.54,54,ablation
atomic_parameter_grid,False,,,,,,,,,,,,,,,,perturb__failure_stop_mfe_max_r__0p3,0.3071621616266064,16.526593406593435,27.951756708021186,39,0.026919506334643992,1503.9200000000026,2.1395146197501176,4.35989387214816,6.8544492448207714,False,-1.1746664004525493,91,46.16354166666667,-0.07938610118871466,0.5714285714285714,52,perturbation
atomic_counterfactual,True,0.1367322258930705,14.138327067669143,145.483088350227,False,448,0.12674639855106948,15043.17999999997,1.6329642383481762,3.3995915173944846,3.5163812564005985,-1.2044623033753123,1064,46.00213068181818,0.5789473684210527,616,ablate__use_partial_takes,0.28757384673058406,15.504731182795755,26.744367745944317,32,0.022718314500637105,1441.9400000000053,2.209863905623341,4.872769001119078,7.8865853049964825,False,-1.1746664004525493,93,47.178125,-0.08252492765887812,0.6559139784946236,61,ablation
atomic_parameter_grid,False,,,,,,,,,,,,,,,,perturb__combined_breakout_min_rvol__3p0,0.3143220994462464,15.956976744186104,27.03170055237719,31,0.022942768012142314,1372.300000000005,2.159928661386716,4.412319172571772,6.917821868438224,False,-1.1746664004525493,86,43.62708333333334,-0.09491362568226443,0.6395348837209303,55,perturbation
atomic_parameter_grid,False,,,,,,,,,,,,,,,,perturb__fr_mfe_grace_r__0p3,0.2965455474857207,16.498021978022013,26.985644821200584,40,0.027252006918438015,1501.3200000000031,2.1079770628999106,4.30384646501184,7.059848187205973,False,-1.1746664004525493,91,46.16354166666667,-0.09551777695533646,0.5604395604395604,51,perturbation
atomic_parameter_grid,False,,,,,,,,,,,,,,,,perturb__rvol_threshold__2p3,0.2987759922436161,19.465949367088644,23.603303387245674,29,0.020297528180480695,1537.810000000003,2.507464734886739,5.012944794854971,7.777662358073816,False,-1.1835058178873477,79,40.07604166666667,-0.10036074268450364,0.6329113924050633,50,perturbation
atomic_parameter_grid,False,,,,,,,,,,,,,,,,perturb__or_width_min_pct__0p0025,0.27653572796166265,16.05267441860467,23.78207260470299,32,0.013500429941077693,1380.5300000000018,2.2620719287660247,4.490983718284369,8.853354822143734,False,-1.1514269274179922,86,43.62708333333334,-0.10619539109105078,0.627906976744186,54,perturbation
atomic_time_grid,False,,,,,,,,,,,,,,,,perturb__entry_window_end__1130,0.2915218554433344,17.26525641025645,22.738704724580085,29,0.017226680939466398,1346.690000000003,2.226571821518682,4.603247152396732,7.435724256803703,False,-1.1835058178873477,78,39.56875,-0.1410262008490869,0.6282051282051282,49,perturbation
atomic_parameter_grid,False,,,,,,,,,,,,,,,,perturb__adaptive_trail_tighten_bars__35,0.278661724561404,14.43136363636374,24.52223176140355,32,0.021338956207737892,1269.9600000000091,2.0554590560408337,3.9761115138524166,5.771363585490189,False,-1.1746664004525493,88,44.641666666666666,-0.1416515259863967,0.6363636363636364,56,perturbation
atomic_parameter_grid,False,,,,,,,,,,,,,,,,perturb__adaptive_trail_start_bars__30,0.280642417184264,14.8949425287357,24.41589029503097,35,0.02114609556848991,1295.8600000000058,1.9421695506761745,4.070881240904776,6.683644802526101,False,-1.1746664004525493,87,44.134375,-0.1460618943286943,0.5977011494252874,52,perturbation
atomic_parameter_grid,False,,,,,,,,,,,,,,,,perturb__adaptive_trail_tighten_bars__28,0.2679485268731414,14.277613636363737,23.579470364836446,31,0.020776347750358685,1256.430000000009,2.0568448500652003,3.974905499933291,6.225401397893619,False,-1.1746664004525493,88,44.641666666666666,-0.1538037256858399,0.6477272727272727,57,perturbation
atomic_parameter_grid,False,,,,,,,,,,,,,,,,perturb__adaptive_trail_tighten_bars__30,0.27014895535046796,14.15068181818192,23.77310807084118,31,0.021132507206048777,1245.2600000000089,2.0450582005253684,3.9918015881145483,6.134647654667422,False,-1.1746664004525493,88,44.641666666666666,-0.1542723245019716,0.6477272727272727,57,perturbation
atomic_parameter_grid,False,,,,,,,,,,,,,,,,perturb__adaptive_trail_start_bars__22,0.2588521427027224,14.185681818181894,22.77898855783957,31,0.024831963634851493,1248.3400000000067,2.0489811352464273,3.907446481360257,5.816525977537339,False,-1.1746664004525493,88,44.641666666666666,-0.1783241237841355,0.6477272727272727,57,perturbation
atomic_parameter_grid,False,,,,,,,,,,,,,,,,perturb__adaptive_trail_start_bars__20,0.25181801133738746,13.886292134831546,22.411803009027484,31,0.02499319150670529,1235.8800000000076,2.037865618622941,3.853814265900036,5.731473769490077,False,-1.1746664004525493,89,45.14895833333333,-0.18505341644129544,0.651685393258427,58,perturbation
atomic_counterfactual,True,-0.030878495070526354,-0.34907114624507907,-31.24903701137267,False,645,0.22002837385480384,-353.26000000002,0.9841241949408277,-0.0037979238111458223,-0.004792832690414061,-1.2222923739718745,1012,43.75390625,0.36264822134387353,367,ablate__adaptive_trail_start_bars,0.2525063758816119,11.383218390804648,21.968054701700236,50,0.034482606197233,990.3400000000045,1.5284265232401195,2.1070639497327317,2.5655250150056457,False,-1.1746664004525493,87,44.134375,-0.2884702692522944,0.42528735632183906,37,ablation
atomic_counterfactual,True,-0.030878495070526354,-0.34907114624507907,-31.24903701137267,False,645,0.22002837385480384,-353.26000000002,0.9841241949408277,-0.0037979238111458223,-0.004792832690414061,-1.2222923739718745,1012,43.75390625,0.36264822134387353,367,ablate__use_adaptive_trail,0.2525063758816119,11.383218390804648,21.968054701700236,50,0.034482606197233,990.3400000000045,1.5284265232401195,2.1070639497327317,2.5655250150056457,False,-1.1746664004525493,87,44.134375,-0.2884702692522944,0.42528735632183906,37,ablation
atomic_counterfactual,True,0.06397374017626895,5.870561471442385,66.08487360208582,False,509,0.1614306736856164,6064.289999999984,1.2935006555534738,1.7392312787187192,1.8007201415058869,-1.2151058861519408,1033,44.66184303977273,0.5072604065827686,524,ablate__adaptive_trail_tighten_bars,0.21506045239225546,10.253820224719199,19.140380262910735,40,0.02558864278789506,912.5900000000088,1.6451861487776331,2.898453279244053,3.2616947303414805,False,-1.1746664004525493,89,45.14895833333333,-0.29695798709678506,0.550561797752809,49,ablation
atomic_counterfactual,True,-0.008974014613989912,0.3445430346051425,-10.11371446996663,False,475,0.26785098893831377,388.29999999999563,1.0320326678765877,0.23853273683805534,0.21915093573750624,-1.1897120028602015,1127,48.72594105113636,0.5785270629991127,652,ablate__fr_trailing_activate_r,0.11129230101819036,6.819537037037056,12.019568509964559,35,0.020502465881205804,736.510000000002,1.7996156685629918,3.1238651816105176,4.818847109415592,False,-1.089833132760929,108,54.7875,-0.36378700574534717,0.6759259259259259,73,ablation
atomic_counterfactual,True,0.17500762155327745,18.705428571428545,183.75800263094132,True,446,0.12278670047174103,19640.69999999997,1.7640009662478413,3.782960065395894,4.156153509385224,-1.2128737309648856,1050,45.39683948863636,0.5752380952380952,604,ablate__carry_min_cpr,0.3426632604173579,18.56011235955061,30.497030177144854,31,0.023095310696316766,1651.8500000000045,2.3722191762614515,4.768394364800418,8.22896277047515,False,-1.1746664004525493,89,45.14895833333333,0.0,0.651685393258427,58,ablation
atomic_counterfactual,True,0.17833908895204845,18.713019047619017,187.25604339965088,True,446,0.12299001370499094,19648.66999999997,1.7660135942504145,3.7787808032035293,4.137880223304882,-1.2140350093000785,1050,45.39683948863636,0.5752380952380952,604,ablate__combined_breakout_score_min,0.3426632604173579,18.56011235955061,30.497030177144854,31,0.023095310696316766,1651.8500000000045,2.3722191762614515,4.768394364800418,8.22896277047515,False,-1.1746664004525493,89,45.14895833333333,0.0,0.651685393258427,58,ablation
nested_atomic_counterfactual,True,0.17388304986146438,18.74666348903715,182.40331930467613,True,447,0.1226403490739446,19665.24999999997,1.7643933654686712,3.7849273888481676,4.156777959236757,-1.2128737309648856,1049,45.353604403409086,0.5738798856053384,602,ablate__entry_detail_size__or_breakout_5_not_bar_vol_surge,0.3426632604173579,18.56011235955061,30.497030177144854,31,0.023095310696316766,1651.8500000000045,2.3722191762614515,4.768394364800418,8.22896277047515,False,-1.1746664004525493,89,45.14895833333333,0.0,0.651685393258427,58,ablation
atomic_counterfactual,True,0.17944372517155205,18.76106017191974,187.877580254615,True,444,0.12278670047174103,19642.82999999997,1.7668277657842637,3.7879059372515416,4.148193451854643,-1.2128737309648856,1047,45.26713423295454,0.5759312320916905,603,ablate__fr_cpr_threshold,0.3426632604173579,18.56011235955061,30.497030177144854,31,0.023095310696316766,1651.8500000000045,2.3722191762614515,4.768394364800418,8.22896277047515,False,-1.1746664004525493,89,45.14895833333333,0.0,0.651685393258427,58,ablation
atomic_counterfactual,True,0.17054675236470518,18.68050428163651,179.24463673530514,True,447,0.12278670047174103,19633.20999999997,1.763112960732343,3.7831677814479807,4.152398448409726,-1.2128737309648856,1051,45.44007457386363,0.5746907706945766,604,ablate__fr_mfe_grace_r,0.3426632604173579,18.56011235955061,30.497030177144854,31,0.023095310696316766,1651.8500000000045,2.3722191762614515,4.768394364800418,8.22896277047515,False,-1.1746664004525493,89,45.14895833333333,0.0,0.651685393258427,58,ablation
atomic_counterfactual,True,0.17500762155327745,18.705428571428545,183.75800263094132,True,446,0.12278670047174103,19640.69999999997,1.7640009662478413,3.782960065395894,4.156153509385224,-1.2128737309648856,1050,45.39683948863636,0.5752380952380952,604,ablate__mfe_conviction_min_r,0.3426632604173579,18.56011235955061,30.497030177144854,31,0.023095310696316766,1651.8500000000045,2.3722191762614515,4.768394364800418,8.22896277047515,False,-1.1746664004525493,89,45.14895833333333,0.0,0.651685393258427,58,ablation
atomic_counterfactual,True,0.1789863920785716,18.882840800762605,187.7567252904216,True,443,0.12278670047174103,19808.099999999973,1.7714840555054414,3.7988748073103187,4.182543893692741,-1.2128737309648856,1049,45.353604403409086,0.5776930409914204,606,ablate__use_mfe_conviction_exit,0.3426632604173579,18.56011235955061,30.497030177144854,31,0.023095310696316766,1651.8500000000045,2.3722191762614515,4.768394364800418,8.22896277047515,False,-1.1746664004525493,89,45.14895833333333,0.0,0.651685393258427,58,ablation
atomic_parameter_grid,False,,,,,,,,,,,,,,,,perturb__adaptive_trail_tighten_bars__22,0.3426632604173579,18.56011235955061,30.497030177144854,31,0.023095310696316766,1651.8500000000045,2.3722191762614515,4.768394364800418,8.22896277047515,False,-1.1746664004525493,89,45.14895833333333,0.0,0.651685393258427,58,perturbation
atomic_parameter_grid,False,,,,,,,,,,,,,,,,perturb__combined_breakout_score_min__4,0.3426632604173579,18.56011235955061,30.497030177144854,31,0.023095310696316766,1651.8500000000045,2.3722191762614515,4.768394364800418,8.22896277047515,False,-1.1746664004525493,89,45.14895833333333,0.0,0.651685393258427,58,perturbation
atomic_parameter_grid,False,,,,,,,,,,,,,,,,perturb__combined_breakout_score_min__6,0.3426632604173579,18.56011235955061,30.497030177144854,31,0.023095310696316766,1651.8500000000045,2.3722191762614515,4.768394364800418,8.22896277047515,False,-1.1746664004525493,89,45.14895833333333,0.0,0.651685393258427,58,perturbation
atomic_parameter_grid,False,,,,,,,,,,,,,,,,perturb__flow_reversal_min_hold_bars__14,0.3426632604173579,18.56011235955061,30.497030177144854,31,0.023095310696316766,1651.8500000000045,2.3722191762614515,4.768394364800418,8.22896277047515,False,-1.1746664004525493,89,45.14895833333333,0.0,0.651685393258427,58,perturbation
atomic_parameter_grid,False,,,,,,,,,,,,,,,,perturb__flow_reversal_min_hold_bars__16,0.3426632604173579,18.56011235955061,30.497030177144854,31,0.023095310696316766,1651.8500000000045,2.3722191762614515,4.768394364800418,8.22896277047515,False,-1.1746664004525493,89,45.14895833333333,0.0,0.651685393258427,58,perturbation
atomic_parameter_grid,False,,,,,,,,,,,,,,,,perturb__fr_cpr_threshold__0p2,0.3426632604173579,18.56011235955061,30.497030177144854,31,0.023095310696316766,1651.8500000000045,2.3722191762614515,4.768394364800418,8.22896277047515,False,-1.1746664004525493,89,45.14895833333333,0.0,0.651685393258427,58,perturbation
atomic_parameter_grid,False,,,,,,,,,,,,,,,,perturb__fr_cpr_threshold__0p25,0.3426632604173579,18.56011235955061,30.497030177144854,31,0.023095310696316766,1651.8500000000045,2.3722191762614515,4.768394364800418,8.22896277047515,False,-1.1746664004525493,89,45.14895833333333,0.0,0.651685393258427,58,perturbation
atomic_parameter_grid,False,,,,,,,,,,,,,,,,perturb__fr_cpr_threshold__0p35,0.3426632604173579,18.56011235955061,30.497030177144854,31,0.023095310696316766,1651.8500000000045,2.3722191762614515,4.768394364800418,8.22896277047515,False,-1.1746664004525493,89,45.14895833333333,0.0,0.651685393258427,58,perturbation
atomic_parameter_grid,False,,,,,,,,,,,,,,,,perturb__fr_cpr_threshold__0p4,0.3426632604173579,18.56011235955061,30.497030177144854,31,0.023095310696316766,1651.8500000000045,2.3722191762614515,4.768394364800418,8.22896277047515,False,-1.1746664004525493,89,45.14895833333333,0.0,0.651685393258427,58,perturbation
atomic_parameter_grid,False,,,,,,,,,,,,,,,,perturb__fr_mfe_grace_r__0p1,0.3426632604173579,18.56011235955061,30.497030177144854,31,0.023095310696316766,1651.8500000000045,2.3722191762614515,4.768394364800418,8.22896277047515,False,-1.1746664004525493,89,45.14895833333333,0.0,0.651685393258427,58,perturbation
atomic_parameter_grid,False,,,,,,,,,,,,,,,,perturb__fr_mfe_grace_r__0p15,0.3426632604173579,18.56011235955061,30.497030177144854,31,0.023095310696316766,1651.8500000000045,2.3722191762614515,4.768394364800418,8.22896277047515,False,-1.1746664004525493,89,45.14895833333333,0.0,0.651685393258427,58,perturbation
atomic_parameter_grid,False,,,,,,,,,,,,,,,,perturb__mfe_conviction_check_bars__14,0.3426632604173579,18.56011235955061,30.497030177144854,31,0.023095310696316766,1651.8500000000045,2.3722191762614515,4.768394364800418,8.22896277047515,False,-1.1746664004525493,89,45.14895833333333,0.0,0.651685393258427,58,perturbation
atomic_parameter_grid,False,,,,,,,,,,,,,,,,perturb__mfe_conviction_check_bars__18,0.3426632604173579,18.56011235955061,30.497030177144854,31,0.023095310696316766,1651.8500000000045,2.3722191762614515,4.768394364800418,8.22896277047515,False,-1.1746664004525493,89,45.14895833333333,0.0,0.651685393258427,58,perturbation
atomic_parameter_grid,False,,,,,,,,,,,,,,,,perturb__mfe_conviction_check_bars__20,0.3426632604173579,18.56011235955061,30.497030177144854,31,0.023095310696316766,1651.8500000000045,2.3722191762614515,4.768394364800418,8.22896277047515,False,-1.1746664004525493,89,45.14895833333333,0.0,0.651685393258427,58,perturbation
atomic_parameter_grid,False,,,,,,,,,,,,,,,,perturb__mfe_conviction_floor_r__m0p25,0.3426632604173579,18.56011235955061,30.497030177144854,31,0.023095310696316766,1651.8500000000045,2.3722191762614515,4.768394364800418,8.22896277047515,False,-1.1746664004525493,89,45.14895833333333,0.0,0.651685393258427,58,perturbation
atomic_parameter_grid,False,,,,,,,,,,,,,,,,perturb__mfe_conviction_min_r__0p1,0.3426632604173579,18.56011235955061,30.497030177144854,31,0.023095310696316766,1651.8500000000045,2.3722191762614515,4.768394364800418,8.22896277047515,False,-1.1746664004525493,89,45.14895833333333,0.0,0.651685393258427,58,perturbation
atomic_parameter_grid,False,,,,,,,,,,,,,,,,perturb__mfe_conviction_min_r__0p15,0.3426632604173579,18.56011235955061,30.497030177144854,31,0.023095310696316766,1651.8500000000045,2.3722191762614515,4.768394364800418,8.22896277047515,False,-1.1746664004525493,89,45.14895833333333,0.0,0.651685393258427,58,perturbation
nested_atomic_parameter_grid,False,,,,,,,,,,,,,,,,perturb__or5_no_surge_size__0p35,0.3426632604173579,18.56011235955061,30.497030177144854,31,0.023095310696316766,1651.8500000000045,2.3722191762614515,4.768394364800418,8.22896277047515,False,-1.1746664004525493,89,45.14895833333333,0.0,0.651685393258427,58,perturbation
nested_atomic_parameter_grid,False,,,,,,,,,,,,,,,,perturb__or5_no_surge_size__0p45,0.3426632604173579,18.56011235955061,30.497030177144854,31,0.023095310696316766,1651.8500000000045,2.3722191762614515,4.768394364800418,8.22896277047515,False,-1.1746664004525493,89,45.14895833333333,0.0,0.651685393258427,58,perturbation
nested_atomic_parameter_grid,False,,,,,,,,,,,,,,,,perturb__or5_no_surge_size__0p65,0.3426632604173579,18.56011235955061,30.497030177144854,31,0.023095310696316766,1651.8500000000045,2.3722191762614515,4.768394364800418,8.22896277047515,False,-1.1746664004525493,89,45.14895833333333,0.0,0.651685393258427,58,perturbation
nested_atomic_parameter_grid,False,,,,,,,,,,,,,,,,perturb__or5_no_surge_size__0p75,0.3426632604173579,18.56011235955061,30.497030177144854,31,0.023095310696316766,1651.8500000000045,2.3722191762614515,4.768394364800418,8.22896277047515,False,-1.1746664004525493,89,45.14895833333333,0.0,0.651685393258427,58,perturbation
nested_atomic_parameter_grid,False,,,,,,,,,,,,,,,,perturb__or5_no_surge_size__0p9,0.3426632604173579,18.56011235955061,30.497030177144854,31,0.023095310696316766,1651.8500000000045,2.3722191762614515,4.768394364800418,8.22896277047515,False,-1.1746664004525493,89,45.14895833333333,0.0,0.651685393258427,58,perturbation
nested_atomic_parameter_grid,False,,,,,,,,,,,,,,,,perturb__or5_no_surge_size__1p0,0.3426632604173579,18.56011235955061,30.497030177144854,31,0.023095310696316766,1651.8500000000045,2.3722191762614515,4.768394364800418,8.22896277047515,False,-1.1746664004525493,89,45.14895833333333,0.0,0.651685393258427,58,perturbation
atomic_parameter_grid,False,,,,,,,,,,,,,,,,perturb__pdh_avwap_cap_pct__0p004,0.3426632604173579,18.56011235955061,30.497030177144854,31,0.023095310696316766,1651.8500000000045,2.3722191762614515,4.768394364800418,8.22896277047515,False,-1.1746664004525493,89,45.14895833333333,0.0,0.651685393258427,58,perturbation
atomic_parameter_grid,False,,,,,,,,,,,,,,,,perturb__pdh_avwap_cap_pct__0p006,0.3426632604173579,18.56011235955061,30.497030177144854,31,0.023095310696316766,1651.8500000000045,2.3722191762614515,4.768394364800418,8.22896277047515,False,-1.1746664004525493,89,45.14895833333333,0.0,0.651685393258427,58,perturbation
round2_removed_nested_rule,False,,,,,,,,,,,,,,,,perturb__restore_no_adx_size__1p0,0.3426632604173579,18.56011235955061,30.497030177144854,31,0.023095310696316766,1651.8500000000045,2.3722191762614515,4.768394364800418,8.22896277047515,False,-1.1746664004525493,89,45.14895833333333,0.0,0.651685393258427,58,perturbation
weakness_targeted,True,0.17335936611254166,18.34976437323278,183.9342874454067,True,453,0.12080288482426056,19469.09999999998,1.7442111684999488,3.7441996773525195,4.136732367159554,-1.2118053586825284,1061,45.87242542613636,0.5730442978322338,608,target__pdh_cap006_size075,0.3426632604173579,18.56011235955061,30.497030177144854,31,0.023095310696316766,1651.8500000000045,2.3722191762614515,4.768394364800418,8.22896277047515,False,-1.1746664004525493,89,45.14895833333333,0.0,0.651685393258427,58,targeted
