category,complexity,complexity_adjusted_equal,is_expectancy,is_expected_total_r,is_guardrail_pass,is_max_drawdown_pct,is_net_profit,is_profit_factor,is_total_trades,is_trades_per_month,is_utility,is_win_rate,maximin_utility,name,oos_expectancy,oos_expected_total_r,oos_max_drawdown_pct,oos_net_profit,oos_profit_factor,oos_strict_uplift,oos_total_trades,oos_trades_per_month,oos_utility,oos_win_rate,patch,weighted_65_35,weighted_equal
boundary_resolution,3,0.383999589307762,0.18934756438166844,253.72573627143572,True,0.1263227687576146,31864.47,1.8828112013192106,1340,57.93501420454545,0.3040068084250317,0.5514925373134328,0.3040068084250317,boundary__rvol1p65__or9__trail0p04,0.4857957932591341,51.980149878727346,0.019183692401251472,2636.2200000000043,3.385503574337172,True,107,54.280208333333334,0.4719923701904923,0.7102803738317757,"{""param_overrides.adaptive_trail_late_distance_r"": 0.04, ""param_overrides.opening_range_bars"": 9, ""param_overrides.rvol_threshold"": 1.65}",0.4131974235725811,0.387999589307762
boundary_resolution,3,0.38331729532576214,0.21071127532198924,266.5497632823164,True,0.1216539905373653,30965.25,1.9239797439255497,1265,54.69238281249999,0.32336754279171237,0.5604743083003952,0.32336754279171237,boundary__rvol1p75__or9__trail0p04,0.4857440351421726,51.003123689928124,0.019733978109992677,2587.1100000000065,3.380264973778652,True,105,53.265625,0.4512670478598119,0.7142857142857143,"{""param_overrides.adaptive_trail_late_distance_r"": 0.04, ""param_overrides.opening_range_bars"": 9, ""param_overrides.rvol_threshold"": 1.75}",0.40650222108597706,0.38731729532576215
boundary_resolution,3,0.37997859530036726,0.20528533415618738,265.2286517297941,True,0.11942598939286705,31031.81,1.8911238273991242,1292,55.85973011363636,0.3211895230686928,0.554953560371517,0.3211895230686928,boundary__rvol1p7__or9__trail0p04,0.46349518162445863,50.52097479706599,0.01971434232772144,2611.150000000008,3.347164417916903,True,109,55.29479166666667,0.44676766753204167,0.7064220183486238,"{""param_overrides.adaptive_trail_late_distance_r"": 0.04, ""param_overrides.opening_range_bars"": 9, ""param_overrides.rvol_threshold"": 1.7}",0.40281531696986955,0.38397859530036726
boundary_resolution,3,0.3690579093112508,0.17318204872568352,235.87395036438096,True,0.12472688769162957,32418.559999999998,1.8892495053638496,1362,58.88618607954545,0.27556001260917334,0.5462555066079295,0.27556001260917334,boundary__rvol1p65__or10__trail0p04,0.484820694552828,51.875814317152596,0.019188241338486095,2635.640000000005,3.3849787349561202,True,107,54.280208333333334,0.4705558060133283,0.7102803738317757,"{""param_overrides.adaptive_trail_late_distance_r"": 0.04, ""param_overrides.opening_range_bars"": 10, ""param_overrides.rvol_threshold"": 1.65}",0.4023072783218741,0.3730579093112508
boundary_resolution,3,0.3669049846324285,0.19073026729382345,245.85131454173842,True,0.11895271903125959,31729.11999999999,1.936765815631816,1289,55.73002485795454,0.2915252537179329,0.5570209464701319,0.2915252537179329,boundary__rvol1p75__or10__trail0p04,0.48475036312717507,50.89878812835338,0.019734283111358764,2589.1100000000065,3.3821050694636274,True,105,53.265625,0.4502847155469241,0.7142857142857143,"{""param_overrides.adaptive_trail_late_distance_r"": 0.04, ""param_overrides.opening_range_bars"": 10, ""param_overrides.rvol_threshold"": 1.75}",0.3947189039067772,0.3709049846324285
boundary_resolution,3,0.35876365112520753,0.1812207317027095,239.57380731098195,True,0.1171481322098369,31854.539999999994,1.9045640608427856,1322,57.15678267045454,0.28018911919968553,0.5514372163388804,0.28018911919968553,boundary__rvol1p7__or10__trail0p04,0.4625379746375342,50.41663923549123,0.019719010746230222,2610.5700000000074,3.3466430555430864,True,109,55.29479166666667,0.44533818305072953,0.7064220183486238,"{""param_overrides.adaptive_trail_late_distance_r"": 0.04, ""param_overrides.opening_range_bars"": 10, ""param_overrides.rvol_threshold"": 1.7}",0.38753601070286414,0.36276365112520753
boundary_resolution,3,0.34753770263711914,0.19232032029025922,236.55399395701883,True,0.1233233724395616,29752.11999999999,1.9037346641839776,1230,53.17915482954545,0.2433187565653495,0.5642276422764227,0.2433187565653495,boundary__rvol1p8__or9__trail0p04,0.5070395084579375,52.22506937116757,0.019739625473586438,2537.890000000007,3.3429776862785077,True,103,52.251041666666666,0.45975664870888877,0.7281553398058253,"{""param_overrides.adaptive_trail_late_distance_r"": 0.04, ""param_overrides.opening_range_bars"": 9, ""param_overrides.rvol_threshold"": 1.8}",0.38400338645865006,0.35153770263711914
boundary_resolution,3,0.33843164542052767,0.17796851018146914,222.81657474719935,True,0.12098198458447704,30777.65999999999,1.9268986378252175,1252,54.13032670454545,0.22928647986598025,0.560702875399361,0.22928647986598025,boundary__rvol1p8__or10__trail0p04,0.5087003877845512,51.88743955402422,0.019744320997549736,2538.5000000000073,3.3435408377108513,True,102,51.743750000000006,0.4555768109750751,0.7254901960784313,"{""param_overrides.adaptive_trail_late_distance_r"": 0.04, ""param_overrides.opening_range_bars"": 10, ""param_overrides.rvol_threshold"": 1.8}",0.3763751950868919,0.3424316454205277
boundary_resolution,3,0.3335387760850057,0.18173679228567155,242.25514411680018,True,0.13024287023014366,30072.290000000005,1.851625413036608,1333,57.63236860795454,0.255125288800172,0.5506376594148538,0.255125288800172,boundary__rvol1p65__or9__trail0p06,0.4544528782112296,49.53536372502403,0.019320785901557766,2517.3200000000024,3.28065629614866,True,109,55.29479166666667,0.41995226336983943,0.7064220183486238,"{""param_overrides.adaptive_trail_late_distance_r"": 0.06, ""param_overrides.opening_range_bars"": 9, ""param_overrides.rvol_threshold"": 1.65}",0.3622628222704558,0.3375387760850057
boundary_resolution,3,0.33236332904286064,0.18529875726035597,243.48256704010774,True,0.12033577149665754,29896.789999999975,1.8672181296476562,1314,56.81090198863636,0.26134871075643457,0.5517503805175038,0.26134871075643457,boundary__rvol1p7__or10__trail0p06,0.4555391799928936,49.19823143923251,0.019907605108893993,2504.090000000005,3.2538658169970076,True,108,54.7875,0.41137794732928673,0.7129629629629629,"{""param_overrides.adaptive_trail_late_distance_r"": 0.06, ""param_overrides.opening_range_bars"": 10, ""param_overrides.rvol_threshold"": 1.7}",0.3588677145287885,0.33636332904286065
aggressive_stability_surface,3,0.32385828769756,0.1886348347627985,238.43443114017728,True,0.12472497906240063,29178.37999999999,1.8874027733636647,1264,54.64914772727273,0.23956820202894408,0.5585443037974683,0.23956820202894408,stability__rvol1p75__or9__trail0p06,0.47917821324475046,49.834534177454046,0.01993102393951252,2470.930000000005,3.2764107052374736,True,104,52.75833333333333,0.4161483733661759,0.7211538461538461,"{""param_overrides.adaptive_trail_late_distance_r"": 0.06, ""param_overrides.opening_range_bars"": 9, ""param_overrides.rvol_threshold"": 1.75}",0.35434531339814473,0.32785828769756
boundary_resolution,3,0.32357898379283584,0.1841764825344449,237.95601543450283,True,0.12299126475863056,29519.85,1.8601615550121564,1292,55.85973011363636,0.24264386917131942,0.5510835913312694,0.24264386917131942,boundary__rvol1p7__or9__trail0p06,0.45656085538800956,49.30857238190503,0.01990696968233047,2502.5900000000056,3.2525157062879297,True,108,54.7875,0.41251409841435227,0.7129629629629629,"{""param_overrides.adaptive_trail_late_distance_r"": 0.06, ""param_overrides.opening_range_bars"": 9, ""param_overrides.rvol_threshold"": 1.7}",0.35305951817929077,0.32757898379283584
aggressive_stability_surface,3,0.3207124053609605,0.17832055029245578,229.4985482263906,True,0.12250413519723165,30087.659999999974,1.9054527299762452,1287,55.64355468749999,0.2344274410790784,0.5571095571095571,0.2344274410790784,stability__rvol1p75__or10__trail0p06,0.47811724264213,49.724193234781524,0.019931660902642707,2472.430000000005,3.2777926205721273,True,104,52.75833333333333,0.4149973696428426,0.7211538461538461,"{""param_overrides.adaptive_trail_late_distance_r"": 0.06, ""param_overrides.opening_range_bars"": 10, ""param_overrides.rvol_threshold"": 1.75}",0.35179789464552513,0.3247124053609605
early_loss_control,4,0.31893514431806513,0.18053306793221907,228.9159301380538,True,0.11910658914414574,28902.649999999987,1.8740307539895538,1268,54.82208806818181,0.21838662322776803,0.5496845425867508,0.21838662322776803,boundary__rvol175__or9__trail06__flowhold8,0.48632563496618963,50.57786603648372,0.019377672630285583,2504.980000000004,3.36644812666504,True,104,52.75833333333333,0.43548366540836225,0.7211538461538461,"{""param_overrides.adaptive_trail_late_distance_r"": 0.06, ""param_overrides.flow_reversal_min_hold_bars"": 8, ""param_overrides.opening_range_bars"": 9, ""param_overrides.rvol_threshold"": 1.75}",0.3594997006451543,0.32693514431806514
early_loss_control,4,0.31724215272313083,0.1719576548808545,221.13754417677887,True,0.11679411572765737,29609.859999999968,1.8856659919700423,1286,55.60031960227272,0.21303985345932774,0.5497667185069984,0.21303985345932774,boundary__rvol175__or10__trail06__flowhold8,0.4826751398986317,50.68088968935633,0.0193782899098238,2508.3000000000034,3.369584522077589,True,105,53.265625,0.437444451986934,0.7238095238095238,"{""param_overrides.adaptive_trail_late_distance_r"": 0.06, ""param_overrides.flow_reversal_min_hold_bars"": 8, ""param_overrides.opening_range_bars"": 10, ""param_overrides.rvol_threshold"": 1.75}",0.35890284250227183,0.32524215272313084
boundary_resolution,3,0.315762832890343,0.18113535727711028,242.54024339405066,True,0.13423744378348954,28346.439999999988,1.821138736573709,1339,57.89177911931818,0.23202235613956515,0.5519044062733384,0.23202235613956515,boundary__rvol1p65__or9__trail0p08,0.4620021283265635,49.4342277309423,0.019544690847113067,2454.9400000000005,3.2301822344156,True,107,54.280208333333334,0.4075033096411209,0.7102803738317757,"{""param_overrides.adaptive_trail_late_distance_r"": 0.08, ""param_overrides.opening_range_bars"": 9, ""param_overrides.rvol_threshold"": 1.65}",0.3460849759155764,0.319762832890343
boundary_resolution,3,0.3128998891702385,0.160571135623148,218.6978867187276,True,0.12761874764286843,30561.969999999987,1.8566967163944808,1362,58.88618607954545,0.21497944716021658,0.5433186490455213,0.21497944716021658,boundary__rvol1p65__or10__trail0p06,0.4534405759848762,49.425022782351505,0.01932140387275275,2518.8200000000024,3.282015274921411,True,109,55.29479166666667,0.4188203311802604,0.7064220183486238,"{""param_overrides.adaptive_trail_late_distance_r"": 0.06, ""param_overrides.opening_range_bars"": 10, ""param_overrides.rvol_threshold"": 1.65}",0.34747602177324505,0.3168998891702385
aggressive_stability_surface,3,0.31137834615191207,0.17756676417329878,222.49115550914337,True,0.12376533623878302,28998.63999999997,1.8889938018897818,1253,54.17356178977273,0.2044765119968736,0.5634477254588987,0.2044765119968736,stability__rvol1p8__or10__trail0p06,0.4920345026791107,50.6795537759484,0.019851588706490442,2459.720000000005,3.2786789568762,True,103,52.251041666666666,0.42628018030695053,0.7281553398058253,"{""param_overrides.adaptive_trail_late_distance_r"": 0.06, ""param_overrides.opening_range_bars"": 10, ""param_overrides.rvol_threshold"": 1.8}",0.3486488963984236,0.31537834615191207
aggressive_stability_surface,3,0.30992032672006675,0.18367798163463084,226.8423073187691,True,0.12618053941038515,28082.439999999988,1.8716111611161113,1235,53.39533025568181,0.1999745505947705,0.562753036437247,0.1999745505947705,stability__rvol1p8__or9__trail0p06,0.4931057739671934,50.78989471862092,0.01984683458723333,2460.6200000000053,3.2795127148084804,True,103,52.251041666666666,0.427866102845363,0.7281553398058253,"{""param_overrides.adaptive_trail_late_distance_r"": 0.06, ""param_overrides.opening_range_bars"": 9, ""param_overrides.rvol_threshold"": 1.8}",0.34810405955765567,0.31392032672006676
boundary_resolution,3,0.29095003276364323,0.15676604831630692,213.20182571017742,True,0.13127805005817747,28745.369999999974,1.8238176384408502,1360,58.79971590909091,0.17882974173407226,0.5477941176470589,0.17882974173407226,boundary__rvol1p65__or10__trail0p08,0.4586747808151941,49.53687632804096,0.019555590187140814,2467.1000000000017,3.240597952937548,True,108,54.7875,0.41107032379321423,0.7129629629629629,"{""param_overrides.adaptive_trail_late_distance_r"": 0.08, ""param_overrides.opening_range_bars"": 10, ""param_overrides.rvol_threshold"": 1.65}",0.32978612007251457,0.29495003276364323
aggressive_stability_surface,3,0.2893794248203831,0.18208112988389288,229.96846704335672,True,0.12871938783485565,27185.829999999984,1.8461588022106208,1263,54.60591264204545,0.19404961043721872,0.5589865399841647,0.19404961043721872,stability__rvol1p75__or9__trail0p08,0.4694799783354622,48.82591774688807,0.02014339158057155,2413.110000000003,3.227575256856439,True,104,52.75833333333333,0.39270923920354744,0.7211538461538461,"{""param_overrides.adaptive_trail_late_distance_r"": 0.08, ""param_overrides.opening_range_bars"": 9, ""param_overrides.rvol_threshold"": 1.75}",0.3231783691353324,0.2933794248203831
boundary_resolution,3,0.2875549989421716,0.17510356779197206,226.75912029060382,True,0.1267696299157297,27632.589999999986,1.8252106135491477,1295,55.98943536931818,0.19347938268557852,0.5528957528957529,0.19347938268557852,boundary__rvol1p7__or9__trail0p08,0.44467577566655575,48.46965954765458,0.020130703345974655,2433.120000000003,3.194293135168296,True,109,55.29479166666667,0.3896306151987648,0.7155963302752294,"{""param_overrides.adaptive_trail_late_distance_r"": 0.08, ""param_overrides.opening_range_bars"": 9, ""param_overrides.rvol_threshold"": 1.7}",0.3209776838191496,0.29155499894217163
boundary_resolution,3,0.28214029140293195,0.16486268350834668,216.62956612996754,True,0.12344132875078045,28316.39999999997,1.8377419982805154,1314,56.81090198863636,0.1837105851828444,0.5509893455098934,0.1837105851828444,boundary__rvol1p7__or10__trail0p08,0.44371937241311116,48.365411593029116,0.020131330410457428,2434.590000000004,3.195618844919027,True,109,55.29479166666667,0.3885699976230196,0.7155963302752294,"{""param_overrides.adaptive_trail_late_distance_r"": 0.08, ""param_overrides.opening_range_bars"": 10, ""param_overrides.rvol_threshold"": 1.7}",0.31686920326895823,0.28614029140293196
aggressive_stability_surface,3,0.27920604385725517,0.16606755824468414,213.72894746090847,True,0.12563154826824247,28145.199999999968,1.864491299092819,1287,55.64355468749999,0.17478106838474108,0.5563325563325563,0.17478106838474108,stability__rvol1p75__or10__trail0p08,0.4684775941563712,48.7216697922626,0.020144019435784047,2414.5800000000036,3.2289322342124573,True,104,52.75833333333333,0.39163101932976924,0.7211538461538461,"{""param_overrides.adaptive_trail_late_distance_r"": 0.08, ""param_overrides.opening_range_bars"": 10, ""param_overrides.rvol_threshold"": 1.75}",0.31573353649900937,0.2832060438572552
aggressive_stabilization,4,0.27695404062467327,0.1827784113766982,224.2691107592087,True,0.13277697105706104,26146.509999999977,1.8223716842438649,1227,53.04944957386363,0.1652268511127737,0.5615321923390383,0.1652268511127737,rvol180__pdh090__or9__trail08,0.48043970605437536,49.00485001754629,0.020178070218579997,2469.3000000000034,3.267659699518801,True,102,51.743750000000006,0.40468123013657287,0.7254901960784313,"{""param_overrides.adaptive_trail_late_distance_r"": 0.08, ""param_overrides.opening_range_bars"": 9, ""param_overrides.pdh_size_mult"": 0.9, ""param_overrides.rvol_threshold"": 1.8}",0.32087219747824314,0.2849540406246733
early_loss_control,4,0.2762499177252682,0.1725172220878822,213.40380372271028,True,0.12428880598553083,26155.589999999975,1.8275804788436212,1237,53.48180042613636,0.1475291078310387,0.5578011317704122,0.1475291078310387,stability__rvol180__or9__trail08__flowhold8,0.493288432503726,50.31542011538005,0.01934917358943254,2432.9300000000017,3.3200812480927766,True,102,51.743750000000006,0.42097072761949766,0.7254901960784313,"{""param_overrides.adaptive_trail_late_distance_r"": 0.08, ""param_overrides.flow_reversal_min_hold_bars"": 8, ""param_overrides.opening_range_bars"": 9, ""param_overrides.rvol_threshold"": 1.8}",0.32526616069353703,0.2842499177252682
aggressive_stability_surface,3,0.27406788129687226,0.1704860689443387,213.27807224936774,True,0.12723872599901642,27159.18999999996,1.8506111836156611,1251,54.08709161931818,0.15927604482216673,0.5603517186250999,0.15927604482216673,stability__rvol1p8__or10__trail0p08,0.48497882648749924,49.46784030172492,0.020178891869552882,2386.350000000004,3.2090719740800857,True,102,51.743750000000006,0.3968597177715778,0.7254901960784313,"{""param_overrides.adaptive_trail_late_distance_r"": 0.08, ""param_overrides.opening_range_bars"": 10, ""param_overrides.rvol_threshold"": 1.8}",0.31370543223928393,0.27806788129687227
pdh_sensitivity,4,0.2735204183252275,0.18090566393409854,223.2375892946776,True,0.13142857142857192,26133.999999999978,1.823655626601044,1234,53.35209517045454,0.1639713751030123,0.5615883306320908,0.1639713751030123,stability__rvol180__or9__trail08__pdh0p85,0.48314805411705103,48.797953465822154,0.020194239814585395,2452.390000000003,3.2539934927666883,True,101,51.23645833333334,0.3990694615474427,0.7227722772277227,"{""param_overrides.adaptive_trail_late_distance_r"": 0.08, ""param_overrides.opening_range_bars"": 9, ""param_overrides.pdh_size_mult"": 0.85, ""param_overrides.rvol_threshold"": 1.8}",0.3167851312918921,0.2815204183252275
aggressive_stabilization,3,0.2715139770524653,0.17596355304371317,216.78709734985463,True,0.13018585620902154,26253.279999999977,1.8316474382123549,1232,53.26562499999999,0.15286809560673273,0.5633116883116883,0.15286809560673273,rvol180__or9__trail08,0.4860008652583371,49.57208825635038,0.020174377517353355,2386.040000000003,3.20878500347143,True,102,51.743750000000006,0.3981598584981979,0.7254901960784313,"{""param_overrides.adaptive_trail_late_distance_r"": 0.08, ""param_overrides.opening_range_bars"": 9, ""param_overrides.rvol_threshold"": 1.8}",0.31230774148618506,0.27551397705246533
pdh_sensitivity,4,0.27133085888826236,0.17732206237621073,218.81542497224405,True,0.13115811947873238,26263.339999999975,1.8297081132037911,1234,53.35209517045454,0.15675368229540323,0.5640194489465153,0.15675368229540323,stability__rvol180__or9__trail08__pdh0p8,0.4839123978130712,49.359064576933264,0.02013875364087664,2423.3500000000026,3.240005546055379,True,102,51.743750000000006,0.40190803548112153,0.7254901960784313,"{""param_overrides.adaptive_trail_late_distance_r"": 0.08, ""param_overrides.opening_range_bars"": 9, ""param_overrides.pdh_size_mult"": 0.8, ""param_overrides.rvol_threshold"": 1.8}",0.31610401186612014,0.27933085888826237
frequency_extension,4,0.2699390637596117,0.17770569429712987,232.616753834943,True,0.1236200583691988,27920.369999999966,1.835050417893528,1309,56.59472656249999,0.21261992683302294,0.5622612681436211,0.21261992683302294,stability__rvol180__or9__trail08__entry130000,0.44824360407758584,47.5138220322241,0.02011971264060719,2270.290000000005,2.9085284351225393,True,106,53.77291666666667,0.34325820068620044,0.7075471698113207,"{""param_overrides.adaptive_trail_late_distance_r"": 0.08, ""param_overrides.entry_window_end"": ""13:00:00"", ""param_overrides.opening_range_bars"": 9, ""param_overrides.rvol_threshold"": 1.8}",0.2975348048375883,0.2779390637596117
aggressive_stability_surface,3,0.26922995102060393,0.18879518392932876,236.18277509559027,True,0.12297378346177333,28281.379999999997,1.865642230505482,1251,54.08709161931818,0.22352760751429698,0.5547561950439648,0.22352760751429698,stability__rvol1p75__or8__trail0p06,0.4406075434546479,45.382576975828734,0.022267575285111085,2308.8800000000087,3.1225420347677573,True,103,52.251041666666666,0.32293229452691086,0.7087378640776699,"{""param_overrides.adaptive_trail_late_distance_r"": 0.06, ""param_overrides.opening_range_bars"": 8, ""param_overrides.rvol_threshold"": 1.75}",0.288140654072496,0.27322995102060393
pdh_sensitivity,4,0.2689823684660694,0.17575295692625417,216.3518899762189,True,0.133599087526067,26241.00999999998,1.8223333248721492,1231,53.22238991477273,0.14931835731861293,0.5629569455727051,0.14931835731861293,stability__rvol180__or9__trail08__pdh0p95,0.48314805411705103,48.797953465822154,0.020168290438560766,2485.220000000003,3.278429718728237,True,101,51.23645833333334,0.4046463796135259,0.7227722772277227,"{""param_overrides.adaptive_trail_late_distance_r"": 0.08, ""param_overrides.opening_range_bars"": 9, ""param_overrides.pdh_size_mult"": 0.95, ""param_overrides.rvol_threshold"": 1.8}",0.31528157181030636,0.2769823684660694
frequency_extension,4,0.2686808749553874,0.17070452471098693,215.77051923468747,True,0.1260866217327628,26419.119999999974,1.8129450268385408,1264,54.64914772727273,0.1552018914125769,0.5609177215189873,0.1552018914125769,stability__rvol180__or9__trail08__entry124500,0.4860008652583371,49.57208825635038,0.020174377517353355,2386.040000000003,3.20878500347143,True,102,51.743750000000006,0.3981598584981979,0.7254901960784313,"{""param_overrides.adaptive_trail_late_distance_r"": 0.08, ""param_overrides.entry_window_end"": ""12:45:00"", ""param_overrides.opening_range_bars"": 9, ""param_overrides.rvol_threshold"": 1.8}",0.3131245700182306,0.2766808749553874
aggressive_stability_surface,3,0.260205316213062,0.18625278034640302,227.7871503636509,True,0.12437191210326222,27281.019999999997,1.8502444517234722,1223,52.87650923295454,0.19196541556848112,0.5600981193785772,0.19196541556848112,stability__rvol1p8__or8__trail0p06,0.4484365373325673,46.637399882587,0.022198977321889052,2288.940000000008,3.117369545711051,True,104,52.75833333333333,0.3364452168576429,0.7115384615384616,"{""param_overrides.adaptive_trail_late_distance_r"": 0.06, ""param_overrides.opening_range_bars"": 8, ""param_overrides.rvol_threshold"": 1.8}",0.2858772864064363,0.264205316213062
aggressive_stability_surface,3,0.2583990833141528,0.1892133779548096,228.94818732531962,True,0.11836554987028484,27412.439999999988,1.8757276981656712,1210,52.31445312499999,0.200798022278929,0.5669421487603306,0.200798022278929,stability__rvol1p85__or9__trail0p06,0.4558349732481566,45.58349732481566,0.020130869967501946,2270.2600000000048,3.050970259820053,True,100,50.72916666666667,0.3240001443493766,0.71,"{""param_overrides.adaptive_trail_late_distance_r"": 0.06, ""param_overrides.opening_range_bars"": 9, ""param_overrides.rvol_threshold"": 1.85}",0.2808794016247199,0.2623990833141528
aggressive_stability_surface,3,0.25813981445852713,0.18124335873540112,222.748087885808,True,0.11885740139157121,28260.739999999972,1.8914362535675433,1229,53.13591974431818,0.19861886278569613,0.5663140764849471,0.19861886278569613,stability__rvol1p85__or10__trail0p06,0.45250536078826153,45.70304143961442,0.020135766273381726,2270.2800000000043,3.0509883279731254,True,101,51.23645833333334,0.32566076613135814,0.7128712871287128,"{""param_overrides.adaptive_trail_late_distance_r"": 0.06, ""param_overrides.opening_range_bars"": 10, ""param_overrides.rvol_threshold"": 1.85}",0.2811960999603764,0.26213981445852713
aggressive_stability_surface,3,0.25477233617251155,0.17691583350163906,222.73703437856358,True,0.1313849647952218,25543.46999999997,1.8105525700767746,1259,54.43297230113636,0.15579542802487437,0.5544082605242255,0.15579542802487437,stability__rvol1p75__or9__trail0p1,0.4497666169409812,47.67526139574401,0.020496599248176997,2323.7200000000057,3.1453353644463045,True,106,53.77291666666667,0.3617492443201487,0.7264150943396226,"{""param_overrides.adaptive_trail_late_distance_r"": 0.1, ""param_overrides.opening_range_bars"": 9, ""param_overrides.rvol_threshold"": 1.75}",0.2896654086168027,0.25877233617251155
aggressive_stability_surface,3,0.24872030480964624,0.16509901926676104,212.48243779632145,True,0.1296332025095159,26342.03999999997,1.8277486101561966,1287,55.64355468749999,0.14690311512834248,0.5563325563325563,0.14690311512834248,stability__rvol1p75__or10__trail0p1,0.45134764556688123,47.39150278452253,0.0204975786567321,2327.250000000006,3.148594377510054,True,105,53.265625,0.35853749449094996,0.7238095238095238,"{""param_overrides.adaptive_trail_late_distance_r"": 0.1, ""param_overrides.opening_range_bars"": 10, ""param_overrides.rvol_threshold"": 1.75}",0.2844654617140373,0.25272030480964625
aggressive_stability_surface,3,0.24270190372454076,0.1646877449848769,207.83593417091464,True,0.13051061199118016,25495.509999999966,1.8160020253216402,1262,54.56267755681818,0.1253053105917712,0.5618066561014263,0.1253053105917712,stability__rvol1p8__or10__trail0p1,0.47160134017616195,48.57493803814468,0.0203938207307384,2286.8800000000065,3.1339404854106343,True,103,52.251041666666666,0.36809849685731033,0.7281553398058253,"{""param_overrides.adaptive_trail_late_distance_r"": 0.1, ""param_overrides.opening_range_bars"": 10, ""param_overrides.rvol_threshold"": 1.8}",0.28312088166437166,0.24670190372454076
aggressive_stability_surface,3,0.2426673947201398,0.1861674073315921,231.40608731316897,True,0.1274817548498497,26386.589999999975,1.8290596733038755,1243,53.74121093749999,0.18669918975418198,0.5567176186645213,0.18669918975418198,stability__rvol1p75__or8__trail0p08,0.4233718781314891,44.877419081937845,0.022708185425023616,2257.3100000000054,3.08071934886209,True,106,53.77291666666667,0.3066355996860976,0.7075471698113207,"{""param_overrides.adaptive_trail_late_distance_r"": 0.08, ""param_overrides.opening_range_bars"": 8, ""param_overrides.rvol_threshold"": 1.75}",0.26465785620992716,0.2466673947201398
aggressive_stability_surface,3,0.2389997902302163,0.168006632971041,207.8242049851777,True,0.13227346791360714,24957.599999999962,1.806707695490276,1237,53.48180042613636,0.11647019083537292,0.5634599838318513,0.11647019083537292,stability__rvol1p8__or9__trail0p1,0.47267176091133906,48.68519137386792,0.02038921618026246,2286.9000000000065,3.1339591478720266,True,103,52.251041666666666,0.3695293896250597,0.7281553398058253,"{""param_overrides.adaptive_trail_late_distance_r"": 0.1, ""param_overrides.opening_range_bars"": 9, ""param_overrides.rvol_threshold"": 1.8}",0.28095867004866937,0.2429997902302163
aggressive_stability_surface,3,0.23242046050967505,0.1840427859198189,224.34815603625924,True,0.1280772433144737,25507.099999999977,1.8117551435038193,1219,52.70356889204545,0.1598704222804721,0.5627563576702215,0.1598704222804721,stability__rvol1p8__or8__trail0p08,0.44804474517076426,45.70056400741795,0.0225720672316792,2228.090000000005,3.0626452263911785,True,102,51.743750000000006,0.312970498738878,0.7156862745098039,"{""param_overrides.adaptive_trail_late_distance_r"": 0.08, ""param_overrides.opening_range_bars"": 8, ""param_overrides.rvol_threshold"": 1.8}",0.2593854719784359,0.23642046050967505
aggressive_stability_surface,3,0.22458091357824866,0.17865517947418694,215.8154568048178,True,0.12185339185848221,25609.81999999997,1.8364586164008434,1208,52.22798295454545,0.14759969793446961,0.5662251655629139,0.14759969793446961,stability__rvol1p85__or9__trail0p08,0.44743672982801386,45.1911097126294,0.02019878420041419,2214.830000000003,3.009244139632784,True,101,51.23645833333334,0.30956212922202775,0.7128712871287128,"{""param_overrides.adaptive_trail_late_distance_r"": 0.08, ""param_overrides.opening_range_bars"": 9, ""param_overrides.rvol_threshold"": 1.85}",0.2528752782713824,0.22858091357824867
aggressive_stability_surface,3,0.22177081589797526,0.1708763431121631,209.3235203123998,True,0.12222088418010352,26312.399999999965,1.8508665047225072,1225,52.962979403409086,0.14308939757822178,0.5648979591836735,0.14308939757822178,stability__rvol1p85__or10__trail0p08,0.44640457186142507,45.086861758003934,0.020138228036646035,2214.8300000000036,3.0105938742533547,True,101,51.23645833333334,0.30845223421772877,0.7128712871287128,"{""param_overrides.adaptive_trail_late_distance_r"": 0.08, ""param_overrides.opening_range_bars"": 10, ""param_overrides.rvol_threshold"": 1.85}",0.25057524139390136,0.22577081589797526
aggressive_stabilization,2,0.21855053449803402,0.16490708838434967,203.1655328895188,False,0.13591374257339273,23328.059999999987,1.7682151787310842,1232,53.26562499999999,0.08342094420189686,0.5657467532467533,0.08342094420189686,rvol180__or9,0.4666180693950088,48.06166114768591,0.02070392832119856,2247.3800000000024,3.0970821241613655,True,103,52.251041666666666,0.35368012479417116,0.7281553398058253,"{""param_overrides.opening_range_bars"": 9, ""param_overrides.rvol_threshold"": 1.8}",0.25908941158687515,0.21855053449803402
aggressive_stability_surface,3,0.2160107790082867,0.19244868728054387,229.59128392568883,True,0.11945847538226996,26201.48,1.8410893224926679,1193,51.57945667613636,0.18491521914211775,0.5632858340318525,0.18491521914211775,stability__rvol1p85__or8__trail0p06,0.41801466326655357,42.21948098992191,0.02233073499720246,2163.1700000000083,2.9601210594514407,True,101,51.23645833333334,0.25510633887445566,0.7029702970297029,"{""param_overrides.adaptive_trail_late_distance_r"": 0.06, ""param_overrides.opening_range_bars"": 8, ""param_overrides.rvol_threshold"": 1.85}",0.23053944696813738,0.2200107790082867
aggressive_stabilization,3,0.21249283510859265,0.16482431517031432,202.89873197465693,False,0.13874493838657065,23188.519999999986,1.759762954555805,1231,53.22238991477273,0.07910645032082005,0.5653939886271324,0.07910645032082005,rvol180__pdh090__or9,0.46425593804342574,46.889849742386,0.02080995533972157,2345.130000000001,3.1544206812920392,True,101,51.23645833333334,0.3538792198963653,0.7227722772277227,"{""param_overrides.opening_range_bars"": 9, ""param_overrides.pdh_size_mult"": 0.9, ""param_overrides.rvol_threshold"": 1.8}",0.2577087505449244,0.21649283510859266
aggressive_stability_surface,3,0.1997502640500157,0.18075405715271772,217.98939292617757,True,0.1245935107668802,23619.909999999963,1.7877160516266117,1206,52.14151278409091,0.12476657270095083,0.5655058043117744,0.12476657270095083,stability__rvol1p85__or9__trail0p1,0.4323656175666014,44.10129299179334,0.020632079202327312,2143.8800000000047,2.961786936549488,True,102,51.743750000000006,0.2827339553990806,0.7156862745098039,"{""param_overrides.adaptive_trail_late_distance_r"": 0.1, ""param_overrides.opening_range_bars"": 9, ""param_overrides.rvol_threshold"": 1.85}",0.22744537145473517,0.2037502640500157
orthogonal_single,3,0.19131557916476968,0.20286124251127863,225.58170167254184,True,0.12430976098079476,25301.890000000003,1.8666402012921222,1112,48.077414772727266,0.16330334222333692,0.5674460431654677,0.16330334222333692,rec__trail_distance_0p06,0.41130430628731196,39.07390909729464,0.019178519499935105,2261.690000000004,2.7695581757438807,True,95,48.192708333333336,0.22732781610620245,0.6631578947368421,"{""param_overrides.adaptive_trail_late_distance_r"": 0.06, ""param_overrides.pdh_size_mult"": 0.9, ""param_overrides.rvol_threshold"": 1.9}",0.20491925024719954,0.1953155791647697
aggressive_stability_surface,3,0.1874048570237346,0.16737470139186417,209.88787554539766,True,0.12972489042862967,24530.199999999975,1.7840162976898064,1254,54.21679687499999,0.11612456611957567,0.5526315789473685,0.11612456611957567,stability__rvol1p75__or8__trail0p1,0.41121617341689487,43.17769820877396,0.023452355985879917,2163.2200000000075,3.0119046511844356,True,105,53.265625,0.26668514792789355,0.7047619047619048,"{""param_overrides.adaptive_trail_late_distance_r"": 0.1, ""param_overrides.opening_range_bars"": 8, ""param_overrides.rvol_threshold"": 1.75}",0.2139889442949823,0.1914048570237346
aggressive_stability_surface,3,0.18623745606821757,0.16315796353888898,199.54218940806123,True,0.1256856877339268,24846.759999999966,1.8199985611026428,1223,52.87650923295454,0.10158914021864782,0.5658217497955846,0.10158914021864782,stability__rvol1p85__or10__trail0p1,0.43383697406506794,43.817534380571864,0.020637125105617868,2144.160000000005,2.9620431544078727,True,101,51.23645833333334,0.27888577191778735,0.7128712871287128,"{""param_overrides.adaptive_trail_late_distance_r"": 0.1, ""param_overrides.opening_range_bars"": 10, ""param_overrides.rvol_threshold"": 1.85}",0.21683195082308854,0.19023745606821757
aggressive_stability_surface,3,0.1843544480717627,0.18581804341782937,221.30928971063477,True,0.12316495782258363,24284.46999999997,1.8001454362378724,1191,51.49298650568181,0.14049370524625068,0.563392107472712,0.14049370524625068,stability__rvol1p85__or8__trail0p08,0.41200704594773707,41.61271164072144,0.022776176471372648,2106.5300000000047,2.911933416834588,True,101,51.23645833333334,0.23621519089727477,0.7029702970297029,"{""param_overrides.adaptive_trail_late_distance_r"": 0.08, ""param_overrides.opening_range_bars"": 8, ""param_overrides.rvol_threshold"": 1.85}",0.20271267091941636,0.18835444807176271
aggressive_stability_surface,3,0.1766317137077669,0.16745165390042752,204.458469412422,True,0.13068066605806955,23632.67999999997,1.7695976011337808,1221,52.79003906249999,0.0918582627897858,0.5593775593775594,0.0918582627897858,stability__rvol1p8__or8__trail0p1,0.42735185242406876,43.58988894725501,0.023477532931617237,2149.900000000007,3.0048865554447017,True,102,51.743750000000006,0.269405164625748,0.7058823529411765,"{""param_overrides.adaptive_trail_late_distance_r"": 0.1, ""param_overrides.opening_range_bars"": 8, ""param_overrides.rvol_threshold"": 1.8}",0.20726374898316122,0.1806317137077669
short_hold_target,4,0.16628283473588346,0.1911619357474117,211.0427770651425,True,0.12240775808601333,23576.109999999964,1.8189243019585162,1104,47.731534090909086,0.10952222854057389,0.5634057971014492,0.10952222854057389,rec__flow_hold8__trail08,0.4102060650259962,39.37978224249564,0.01766307663878566,2262.520000000004,2.8416331580575385,True,96,48.7,0.239043440931193,0.6666666666666666,"{""param_overrides.adaptive_trail_late_distance_r"": 0.08, ""param_overrides.flow_reversal_min_hold_bars"": 8, ""param_overrides.pdh_size_mult"": 0.9, ""param_overrides.rvol_threshold"": 1.9}",0.19371101659447632,0.17428283473588346
local_surface,2,0.16362313374149956,0.16981330582901955,192.22866219845014,False,0.14115695767766226,19960.15999999997,1.7067697446903276,1132,48.94211647727273,0.010325390324670714,0.5636042402826855,0.010325390324670714,local__rvol1p85__pdh0p95,0.4307918892888833,42.648397039599445,0.020979195023695375,2498.9100000000008,3.1160705212884943,True,99,50.221875000000004,0.3169208771583284,0.696969696969697,"{""param_overrides.pdh_size_mult"": 0.95, ""param_overrides.rvol_threshold"": 1.85}",0.2096124567665482,0.16362313374149956
local_surface,2,0.15823982565249078,0.16931060380524474,192.1675353189528,False,0.13753420241110764,20386.10999999997,1.7235195098293554,1135,49.07182173295454,0.018094911913055574,0.5621145374449339,0.018094911913055574,local__rvol1p85__pdh0p75,0.4241128190477515,43.25950754287065,0.020762144330040082,2330.2400000000016,3.0177858596354583,True,102,51.743750000000006,0.298384739391926,0.696078431372549,"{""param_overrides.pdh_size_mult"": 0.75, ""param_overrides.rvol_threshold"": 1.85}",0.20028329977432136,0.15823982565249078
risk_adjusted,3,0.1581737450350313,0.1940451170992148,228.58514794287504,True,0.10443916502055392,27248.279999999962,1.9152947855135785,1178,50.930930397727266,0.2081831668624936,0.5797962648556876,0.11616432320756896,risk__or9__trail08__entry1300,0.3819621497148738,35.14051777376839,0.01946558875420961,1909.510000000004,2.531160291877165,True,92,46.670833333333334,0.11616432320756896,0.6630434782608695,"{""param_overrides.adaptive_trail_late_distance_r"": 0.08, ""param_overrides.entry_window_end"": ""13:00:00"", ""param_overrides.opening_range_bars"": 9}",0.14837091848679257,0.1621737450350313
local_surface,2,0.1575010801760055,0.1663426079526874,188.79886002630022,False,0.14024279684777127,20027.37999999997,1.709202674713138,1135,49.07182173295454,0.004234210228500908,0.5612334801762114,0.004234210228500908,local__rvol1p85__pdh0p9,0.42809316579829343,42.80931657982934,0.021040717166109255,2447.590000000001,3.086375763981834,True,100,50.72916666666667,0.3107679501235101,0.7,"{""param_overrides.pdh_size_mult"": 0.9, ""param_overrides.rvol_threshold"": 1.85}",0.2034811411602569,0.1575010801760055
orthogonal_composite,5,0.15668941527512753,0.18278340076333788,226.65141694653897,True,0.11465492403697514,27786.319999999963,1.874216082357718,1240,53.61150568181818,0.2034914006178577,0.5701612903225807,0.13388742993239738,rec__or9__trail08__entry1300,0.3833642362227722,37.186330913608906,0.019560962860306858,1859.3300000000042,2.449238875421883,True,97,49.20729166666667,0.13388742993239738,0.6701030927835051,"{""param_overrides.adaptive_trail_late_distance_r"": 0.08, ""param_overrides.entry_window_end"": ""13:00:00"", ""param_overrides.opening_range_bars"": 9, ""param_overrides.pdh_size_mult"": 0.9, ""param_overrides.rvol_threshold"": 1.9}",0.15824881967230847,0.16868941527512754
orthogonal_composite,4,0.15499279389819948,0.19410656302627122,226.32825248863224,True,0.12292107462923525,25079.359999999957,1.8379428046006487,1166,50.41210937499999,0.16254727484054066,0.5703259005145798,0.16254727484054066,rec__trail08__entry1300,0.37614926785829267,36.48647898225439,0.019808207087723285,2115.6800000000076,2.581450280682622,True,97,49.20729166666667,0.1634383129558583,0.6494845360824743,"{""param_overrides.adaptive_trail_late_distance_r"": 0.08, ""param_overrides.entry_window_end"": ""13:00:00"", ""param_overrides.pdh_size_mult"": 0.9, ""param_overrides.rvol_threshold"": 1.9}",0.16312644961549713,0.16299279389819948
orthogonal_composite,4,0.154739883341196,0.18220494642802043,218.6459357136245,True,0.11799173183751313,27107.219999999972,1.8809554683501097,1200,51.882102272727266,0.17593832884921665,0.5741666666666667,0.1495414378331754,rec__or10__trail08,0.38687061491802854,37.13957903213074,0.019518508329730937,1936.890000000003,2.5999025300876477,True,96,48.7,0.1495414378331754,0.6666666666666666,"{""param_overrides.adaptive_trail_late_distance_r"": 0.08, ""param_overrides.opening_range_bars"": 10, ""param_overrides.pdh_size_mult"": 0.9, ""param_overrides.rvol_threshold"": 1.9}",0.15878034968878985,0.16273988334119602
orthogonal_composite,4,0.15309084961103545,0.18960284059552895,223.3521462215331,True,0.1173714269555739,26056.659999999978,1.857496769165912,1178,50.930930397727266,0.17219248772901347,0.5730050933786078,0.14998921149305744,rec__or9__trail08,0.38734649464140775,37.18526348557514,0.01951585881209842,1935.5100000000025,2.600772469006135,True,96,48.7,0.14998921149305744,0.6666666666666666,"{""param_overrides.adaptive_trail_late_distance_r"": 0.08, ""param_overrides.opening_range_bars"": 9, ""param_overrides.pdh_size_mult"": 0.9, ""param_overrides.rvol_threshold"": 1.9}",0.15776035817564205,0.16109084961103545
orthogonal_single,3,0.15026201384808324,0.1919826916694084,213.48475313638215,True,0.12716039519586692,23591.53999999997,1.8238143992937783,1112,48.077414772727266,0.11292505162069938,0.5665467625899281,0.11292505162069938,rec__trail_distance_0p08,0.4011466307997808,37.7077832951794,0.019517839855327575,2186.2500000000055,2.718587869068966,True,94,47.68541666666667,0.19559897607546708,0.6595744680851063,"{""param_overrides.adaptive_trail_late_distance_r"": 0.08, ""param_overrides.pdh_size_mult"": 0.9, ""param_overrides.rvol_threshold"": 1.9}",0.1666631025162984,0.15426201384808325
local_surface,2,0.14801936941272176,0.16693064241737735,189.46627914372328,False,0.13840000739096478,19828.929999999975,1.7067867306551683,1135,49.07182173295454,0.004288649192807395,0.5612334801762114,0.004288649192807395,local__rvol1p85__pdh0p8,0.42104401596126156,42.52544561208742,0.020816508166729794,2351.9500000000016,3.024175294553036,True,101,51.23645833333334,0.2917500896326361,0.693069306930693,"{""param_overrides.pdh_size_mult"": 0.8, ""param_overrides.rvol_threshold"": 1.85}",0.19113858547869605,0.14801936941272176
local_surface,2,0.147001546851169,0.16196769416714196,183.83333287970612,False,0.13926065660299475,19885.359999999975,1.7054265243375721,1135,49.07182173295454,-0.007979922344052343,0.5594713656387665,-0.007979922344052343,local__rvol1p85__pdh0p85,0.4307918892888833,42.648397039599445,0.020734490174511143,2401.510000000001,3.060250163000591,True,99,50.221875000000004,0.30198301604639033,0.696969696969697,"{""param_overrides.pdh_size_mult"": 0.85, ""param_overrides.rvol_threshold"": 1.85}",0.1934959876097354,0.147001546851169
risk_adjusted,2,0.14318770364266123,0.19440027147116956,215.7843013329982,True,0.10440478357912072,25499.039999999975,1.8969205973786412,1110,47.99094460227273,0.15792136408000232,0.5801801801801801,0.12845404320532014,risk__or9__trail08,0.3861478059970837,35.139450345734616,0.01970177156592196,1966.9300000000014,2.6717776550082935,True,91,46.16354166666667,0.12845404320532014,0.6593406593406593,"{""param_overrides.adaptive_trail_late_distance_r"": 0.08, ""param_overrides.opening_range_bars"": 9}",0.1387676055114589,0.14318770364266123
aggressive_stability_surface,3,0.14193427439124298,0.17226770441439365,204.13722973105646,True,0.12583468583352672,22703.23999999997,1.764075150033519,1185,51.23357599431818,0.08165150813838963,0.5637130801687764,0.08165150813838963,stability__rvol1p85__or8__trail0p1,0.3975591993475078,40.551038333445796,0.023129690588258315,2038.060000000007,2.8574423097954993,True,102,51.743750000000006,0.21021704064409633,0.7058823529411765,"{""param_overrides.adaptive_trail_late_distance_r"": 0.1, ""param_overrides.opening_range_bars"": 8, ""param_overrides.rvol_threshold"": 1.85}",0.16521910426709896,0.14593427439124299
score_gradient_stabilization,8,0.13455525872394483,0.180333374975619,211.35071547142547,True,0.11954456675397306,27686.759999999973,1.885291883139306,1172,50.67151988636363,0.16528593642096662,0.5699658703071673,0.15182458102692306,score__rvol190__or9__trail08,0.3941134392753488,37.44077673115814,0.01943271372395595,1926.150000000003,2.5803918672771204,True,95,48.192708333333336,0.15182458102692306,0.6736842105263158,"{""param_overrides.adaptive_trail_late_distance_r"": 0.08, ""param_overrides.entry_score_size_mults"": {""COMBINED_BREAKOUT:7"": 1.2, ""OR_BREAKOUT:4"": 0.9, ""OR_BREAKOUT:5"": 0.85, ""OR_BREAKOUT:6"": 1.05, ""PDH_BREAKOUT:6"": 0.65}, ""param_overrides.opening_range_bars"": 9, ""param_overrides.rvol_threshold"": 1.9}",0.1565360554148383,0.15855525872394483
score_gradient_stabilization,7,0.13018174512249384,0.19054633084520758,211.3158809073352,True,0.12960318612707208,24820.98999999997,1.8386795614982356,1109,47.94770951704545,0.12187638942048207,0.5662759242560865,0.12187638942048207,score__rvol190__trail08,0.39417638374857605,37.8409328398633,0.019387796753349455,2080.780000000005,2.5988412745979517,True,96,48.7,0.17848710082450556,0.65625,"{""param_overrides.adaptive_trail_late_distance_r"": 0.08, ""param_overrides.entry_score_size_mults"": {""COMBINED_BREAKOUT:7"": 1.2, ""OR_BREAKOUT:4"": 0.9, ""OR_BREAKOUT:5"": 0.85, ""OR_BREAKOUT:6"": 1.05, ""PDH_BREAKOUT:6"": 0.65}, ""param_overrides.rvol_threshold"": 1.9}",0.15867335183309733,0.15018174512249383
orthogonal_single,3,0.12127049719734062,0.18611006778448844,211.23492693539438,True,0.1319250097800246,22277.229999999974,1.7809573455927554,1135,49.07182173295454,0.08800786318891646,0.5647577092511014,0.08800786318891646,rec__or_bars_7,0.3951892991786286,37.14779412279109,0.020398315338298136,2030.7300000000034,2.6657616274300806,True,94,47.68541666666667,0.1625331312057648,0.6702127659574468,"{""param_overrides.opening_range_bars"": 7, ""param_overrides.pdh_size_mult"": 0.9, ""param_overrides.rvol_threshold"": 1.9}",0.1364492873998679,0.12527049719734062
orthogonal_single,3,0.11144761270988329,0.1788570934346298,199.06794499274298,True,0.12962740025407457,22000.43999999995,1.7836636468910712,1113,48.12064985795454,0.05927174364680246,0.5660377358490566,0.05927174364680246,rec__trail_distance_0p1,0.38977560364591385,36.6389067427159,0.019927776174558053,2132.390000000007,2.688941515650752,True,94,47.68541666666667,0.17162348177296413,0.6595744680851063,"{""param_overrides.adaptive_trail_late_distance_r"": 0.1, ""param_overrides.pdh_size_mult"": 0.9, ""param_overrides.rvol_threshold"": 1.9}",0.13230037342880754,0.1154476127098833
orthogonal_composite,4,0.10883740257979374,0.19263299938614223,223.45427928792498,True,0.11863997912068128,25200.829999999973,1.840486852650497,1160,50.15269886363636,0.16024957262993875,0.5706896551724138,0.07342523252964872,rec__or8__trail08,0.356483587359725,33.86594079917388,0.021903840018365303,1788.8100000000045,2.4718718372787727,True,95,48.192708333333336,0.07342523252964872,0.6631578947368421,"{""param_overrides.adaptive_trail_late_distance_r"": 0.08, ""param_overrides.opening_range_bars"": 8, ""param_overrides.pdh_size_mult"": 0.9, ""param_overrides.rvol_threshold"": 1.9}",0.10381375156475023,0.11683740257979373
short_hold_target,3,0.10510647155478997,0.17160673000505453,190.82668376562063,True,0.12693764183913825,20832.70999999997,1.751049818805311,1112,48.077414772727266,0.027127863344820497,0.5620503597122302,0.027127863344820497,rec__flow_hold8,0.3938912919153054,37.419672731954016,0.01838560467140593,2141.7200000000003,2.764765985497697,True,95,48.192708333333336,0.19108507976475944,0.6631578947368421,"{""param_overrides.flow_reversal_min_hold_bars"": 8, ""param_overrides.pdh_size_mult"": 0.9, ""param_overrides.rvol_threshold"": 1.9}",0.13370005401778082,0.10910647155478997
orthogonal_single,3,0.09895181283785717,0.1678464699415615,200.74437805010754,True,0.12316019774866335,23840.129999999986,1.8110860294255229,1196,51.70916193181818,0.09249575063706264,0.5702341137123745,0.09249575063706264,rec__or_bars_10,0.37741838097151653,35.85474619229407,0.020215658797550027,1833.6600000000017,2.5196916956738,True,95,48.192708333333336,0.11340787503865171,0.6736842105263158,"{""param_overrides.opening_range_bars"": 10, ""param_overrides.pdh_size_mult"": 0.9, ""param_overrides.rvol_threshold"": 1.9}",0.10608863149809554,0.10295181283785718
orthogonal_single,3,0.09477491520060552,0.16195235705041494,197.74382795855664,True,0.12018480703086039,23353.059999999983,1.7688746335566008,1221,52.79003906249999,0.0810056775938284,0.5700245700245701,0.0810056775938284,rec__or_bars_11,0.3742988773297025,35.93269222365144,0.02020652481759337,1852.760000000002,2.5109030711268465,True,96,48.7,0.11654415280738264,0.6666666666666666,"{""param_overrides.opening_range_bars"": 11, ""param_overrides.pdh_size_mult"": 0.9, ""param_overrides.rvol_threshold"": 1.9}",0.10410568648263865,0.09877491520060552
orthogonal_composite,4,0.0922508862752118,0.16239565596264455,201.85780036156717,True,0.11893638196168187,24420.009999999973,1.8019557597772378,1243,53.74121093749999,0.10545329158147498,0.5671761866452132,0.09504848096894863,rec__or9__entry1300,0.3681085903877445,35.70653326761122,0.020257632667482962,1756.2200000000028,2.369201503126324,True,97,49.20729166666667,0.09504848096894863,0.6701030927835051,"{""param_overrides.entry_window_end"": ""13:00:00"", ""param_overrides.opening_range_bars"": 9, ""param_overrides.pdh_size_mult"": 0.9, ""param_overrides.rvol_threshold"": 1.9}",0.09869016468333286,0.10025088627521181
orthogonal_single,3,0.09196440053899613,0.17290870579481848,195.21392884235007,True,0.12794436646676044,20779.449999999968,1.7427349095362095,1129,48.81241122159091,0.035981269671190565,0.5677590788308238,0.035981269671190565,rec__entry_124500,0.3829091406941575,35.9934592252508,0.02042790371069301,2099.290000000002,2.661750969682584,True,94,47.68541666666667,0.1559475314068017,0.6595744680851063,"{""param_overrides.entry_window_end"": ""12:45:00"", ""param_overrides.pdh_size_mult"": 0.9, ""param_overrides.rvol_threshold"": 1.9}",0.1139593397993378,0.09596440053899613
control,2,0.09152432552829619,0.1763145149801496,195.18016808302562,True,0.1327201822608728,20323.299999999974,1.74188169346425,1107,47.86123934659091,0.027101119649790673,0.5663956639566395,0.027101119649790673,control__recommended_rvol190_pdh090,0.3829091406941575,35.9934592252508,0.02042790371069301,2099.290000000002,2.661750969682584,True,94,47.68541666666667,0.1559475314068017,0.6595744680851063,"{""param_overrides.pdh_size_mult"": 0.9, ""param_overrides.rvol_threshold"": 1.9}",0.11085128729184784,0.09152432552829619
orthogonal_single,3,0.08824704871715137,0.17044037827112313,199.24480219894295,True,0.12748787029579628,21927.869999999966,1.7656641183951112,1169,50.54181463068181,0.060920352310567714,0.5680068434559452,0.060920352310567714,rec__entry_130000,0.35861874839711116,34.78601859451978,0.02032849489931201,2018.5800000000042,2.51422270231345,True,97,49.20729166666667,0.12357374512373505,0.6494845360824743,"{""param_overrides.entry_window_end"": ""13:00:00"", ""param_overrides.pdh_size_mult"": 0.9, ""param_overrides.rvol_threshold"": 1.9}",0.10164505763912648,0.09224704871715138
orthogonal_single,3,0.08724111155165741,0.16630316211163473,196.90294394017553,True,0.1289683500893684,21690.669999999966,1.7502890893210754,1184,51.19034090909091,0.051901329618642245,0.5658783783783784,0.051901329618642245,rec__entry_131500,0.3548849804546671,35.13361306501204,0.019693911977776857,2020.520000000004,2.4939702022256007,True,99,50.221875000000004,0.13058089348467258,0.6565656565656566,"{""param_overrides.entry_window_end"": ""13:15:00"", ""param_overrides.pdh_size_mult"": 0.9, ""param_overrides.rvol_threshold"": 1.9}",0.10304304613156197,0.09124111155165741
local_surface,2,0.08719603773934549,0.16966328351233437,187.81725484815414,True,0.13394155960643053,20331.939999999973,1.7397839149282366,1107,47.86123934659091,0.010008449944072876,0.5627822944896116,0.010008449944072876,local__rvol1p9__pdh0p95,0.3829091406941575,35.9934592252508,0.02013582434992905,2144.1300000000015,2.6962114439864946,True,94,47.68541666666667,0.1643836255346181,0.6595744680851063,"{""param_overrides.pdh_size_mult"": 0.95, ""param_overrides.rvol_threshold"": 1.9}",0.11035231407792728,0.08719603773934549
orthogonal_single,3,0.08712795930843456,0.16700121453646882,196.39342829488734,True,0.12303250060262377,22797.529999999988,1.782026064871287,1176,50.84446022727273,0.06860645271259821,0.5680272108843537,0.06860645271259821,rec__or_bars_9,0.3779406773125425,35.90436434469154,0.020152023406977453,1830.370000000001,2.5158469221277246,True,95,48.192708333333336,0.11364946590427093,0.6736842105263158,"{""param_overrides.opening_range_bars"": 9, ""param_overrides.pdh_size_mult"": 0.9, ""param_overrides.rvol_threshold"": 1.9}",0.09788441128718547,0.09112795930843456
local_surface,2,0.08709554630032795,0.17155372690537665,190.9392980456842,True,0.13162203564414404,20831.279999999977,1.7574027662590703,1113,48.12064985795454,0.02512998633928058,0.5633423180592992,0.02512998633928058,local__rvol1p9__pdh0p85,0.37365112289311214,35.87050779773877,0.02019029998678441,2060.8100000000018,2.641478023991213,True,96,48.7,0.14906110626137534,0.65625,"{""param_overrides.pdh_size_mult"": 0.85, ""param_overrides.rvol_threshold"": 1.9}",0.10568521428864218,0.08709554630032795
short_hold_target,5,0.08201240457785185,0.17130199726422646,190.31651896055558,True,0.1234165124090869,19778.619999999977,1.7255991104370654,1111,48.03417968749999,0.01363129910018012,0.5517551755175517,0.01363129910018012,rec__failure8_mfe015_to_m020,0.3846912662763493,36.545670296253185,0.017209842611287798,2104.600000000001,2.70419855054861,True,95,48.192708333333336,0.17439351005552356,0.6421052631578947,"{""param_overrides.failure_stop_bars"": 8, ""param_overrides.failure_stop_mfe_max_r"": 0.15, ""param_overrides.failure_stop_to_r"": -0.2, ""param_overrides.pdh_size_mult"": 0.9, ""param_overrides.rvol_threshold"": 1.9}",0.11812673622115336,0.09401240457785184
local_surface,2,0.08088153798208841,0.16844708673119532,187.4816075318204,True,0.13085428161811988,20757.759999999977,1.7569556451245287,1113,48.12064985795454,0.0171807251719433,0.564240790655885,0.0171807251719433,local__rvol1p9__pdh0p8,0.3774146924971988,36.23181047973108,0.020348389631488266,2008.720000000002,2.6023867643070315,True,96,48.7,0.14458235079223353,0.65625,"{""param_overrides.pdh_size_mult"": 0.8, ""param_overrides.rvol_threshold"": 1.9}",0.09999178182513195,0.08088153798208841
short_hold_target,3,0.08018690965447473,0.1656631766780416,184.3831156426603,True,0.1235212696301773,19631.599999999977,1.7149401946459957,1113,48.12064985795454,-0.001562082949846857,0.5525606469002695,-0.001562082949846857,rec__failure8,0.37494742217346044,36.36989995082566,0.017268681943738675,2105.240000000003,2.6282958597272894,True,97,49.20729166666667,0.16993590225879632,0.6494845360824743,"{""param_overrides.failure_stop_bars"": 8, ""param_overrides.pdh_size_mult"": 0.9, ""param_overrides.rvol_threshold"": 1.9}",0.1099116074357712,0.08418690965447473
local_surface,2,0.07845908083588794,0.1716848493877916,191.60029191677543,True,0.12977452644084742,20735.779999999973,1.7577922488461772,1116,48.25035511363636,0.026824261529698218,0.5663082437275986,0.026824261529698218,local__rvol1p9__pdh0p75,0.3829091406941575,35.9934592252508,0.020398446934403847,1942.3400000000022,2.553959021705222,True,94,47.68541666666667,0.13009390014207767,0.6595744680851063,"{""param_overrides.pdh_size_mult"": 0.75, ""param_overrides.rvol_threshold"": 1.9}",0.09394952662774486,0.07845908083588794
short_hold_target,3,0.07819126750877206,0.1736316077558189,192.9047162167148,True,0.13287870852774383,20511.90999999997,1.7480736435635171,1111,48.03417968749999,0.024576058964010886,0.5652565256525652,0.024576058964010886,rec__mfe_check12,0.3683665700475836,35.36319072456803,0.020431690918602446,2059.5700000000015,2.6135266835887383,True,96,48.7,0.13980647605353325,0.6458333333333334,"{""param_overrides.mfe_conviction_check_bars"": 12, ""param_overrides.pdh_size_mult"": 0.9, ""param_overrides.rvol_threshold"": 1.9}",0.09947583007220043,0.08219126750877206
score_gradient_stabilization,7,0.0755751535309362,0.16463965798769972,192.79303950359636,True,0.12438502737820117,24099.069999999978,1.805672352837931,1171,50.62828480113636,0.07633265387862771,0.5678906917164817,0.07633265387862771,score__rvol190__or9,0.37418044337860357,35.92132256434594,0.02014648061613936,1842.3200000000004,2.5028428325543124,True,96,48.7,0.1148176531832447,0.6666666666666666,"{""param_overrides.entry_score_size_mults"": {""COMBINED_BREAKOUT:7"": 1.2, ""OR_BREAKOUT:4"": 0.9, ""OR_BREAKOUT:5"": 0.85, ""OR_BREAKOUT:6"": 1.05, ""PDH_BREAKOUT:6"": 0.65}, ""param_overrides.opening_range_bars"": 9, ""param_overrides.rvol_threshold"": 1.9}",0.10134790342662875,0.09557515353093621
orthogonal_single,3,0.07114813957345026,0.17544344381463597,194.91766607806056,True,0.13492706436426236,19287.959999999977,1.7148751263857953,1111,48.03417968749999,0.012164201173932725,0.5706570657065707,0.012164201173932725,rec__trail_distance_0p14,0.373682798654059,35.49986587213561,0.02075589908205191,2036.0800000000083,2.611715348689951,True,95,48.192708333333336,0.1381320779729678,0.6631578947368421,"{""param_overrides.adaptive_trail_late_distance_r"": 0.14, ""param_overrides.pdh_size_mult"": 0.9, ""param_overrides.rvol_threshold"": 1.9}",0.09404332109330554,0.07514813957345026
short_hold_target,4,0.06768411784559411,0.16882708163700183,187.22923353543504,True,0.12347368858204211,19324.659999999974,1.7038610508311343,1109,47.94770951704545,0.00042193870715852657,0.5527502254283138,0.00042193870715852657,rec__failure8__mfe_check12,0.36971734925417454,35.86258287765493,0.017344101565175674,2041.260000000003,2.559988078042973,True,97,49.20729166666667,0.15094629698402967,0.6391752577319587,"{""param_overrides.failure_stop_bars"": 8, ""param_overrides.mfe_conviction_check_bars"": 12, ""param_overrides.pdh_size_mult"": 0.9, ""param_overrides.rvol_threshold"": 1.9}",0.09826277158712478,0.0756841178455941
orthogonal_single,3,0.06711184731568143,0.15210552984184947,189.37138465310258,False,0.13580077389188805,21567.129999999986,1.7188240646461137,1245,53.82768110795454,0.032019920166104596,0.5686746987951807,0.032019920166104596,rec__or_bars_12,0.3696533130198157,35.48671804990231,0.01997908579947321,1845.1100000000022,2.5077877292191086,True,96,48.7,0.11020377446525828,0.6666666666666666,"{""param_overrides.opening_range_bars"": 12, ""param_overrides.pdh_size_mult"": 0.9, ""param_overrides.rvol_threshold"": 1.9}",0.08283942546055449,0.07111184731568143
orthogonal_single,3,0.039168774591565675,0.1661130943322779,192.35896323677778,True,0.12384551504810007,22132.819999999985,1.7686477517052734,1158,50.06622869318181,0.05006841420867071,0.5647668393782384,0.03626913497446063,rec__or_bars_8,0.3389827261881271,32.5423417140602,0.02301206469207021,1688.8600000000044,2.3921394068285693,True,96,48.7,0.03626913497446063,0.6666666666666666,"{""param_overrides.opening_range_bars"": 8, ""param_overrides.pdh_size_mult"": 0.9, ""param_overrides.rvol_threshold"": 1.9}",0.04109888270643416,0.04316877459156567
control,0,0.0,0.17500762155327745,183.75800263094132,True,0.12278670047174103,19640.69999999997,1.7640009662478413,1050,45.39683948863636,0.0,0.5752380952380952,0.0,control__current_round2,0.3426632604173579,30.497030177144854,0.023095310696316766,1651.8500000000045,2.3722191762614515,False,89,45.14895833333333,0.0,0.651685393258427,{},0.0,0.0
short_hold_target,5,-0.01233730093022165,0.15940168218511594,178.52988404732986,True,0.12587354704442522,19656.189999999962,1.722742261187761,1120,48.42329545454545,-0.015993205221733996,0.5348214285714286,-0.015993205221733996,rec__failure6_mfe010_to_m015,0.32588825401465693,31.93704889343638,0.02473000000000029,1692.29,2.273135574731238,True,98,49.71458333333334,0.015318603361290695,0.5918367346938775,"{""param_overrides.failure_stop_bars"": 6, ""param_overrides.failure_stop_mfe_max_r"": 0.1, ""param_overrides.failure_stop_to_r"": -0.15, ""param_overrides.pdh_size_mult"": 0.9, ""param_overrides.rvol_threshold"": 1.9}",0.004359470357232054,-0.00033730093022165016
local_surface,2,-0.024076055482756015,0.1826286969473254,195.77796312753281,True,0.1268960778002984,19204.84999999997,1.7286095191556925,1072,46.34801136363636,0.017685568967263435,0.5727611940298507,-0.06583767993277546,local__rvol1p95__pdh0p95,0.2899746015369059,26.387688739858437,0.025126585205923493,1639.1100000000038,2.3006435333232895,False,91,46.16354166666667,-0.06583767993277546,0.6373626373626373,"{""param_overrides.pdh_size_mult"": 0.95, ""param_overrides.rvol_threshold"": 1.95}",-0.03660454281776185,-0.024076055482756015
local_surface,2,-0.027539498299252358,0.17503540381767754,188.5131299116387,True,0.12245887578309647,19446.619999999966,1.7416480491456774,1077,46.56418678977273,0.007798142208775289,0.5738161559888579,-0.06287713880728,local__rvol1p95__pdh0p75,0.29249903219652884,26.90991096208065,0.024820177283079302,1602.4200000000035,2.286041043009292,False,92,46.670833333333334,-0.06287713880728,0.6413043478260869,"{""param_overrides.pdh_size_mult"": 0.75, ""param_overrides.rvol_threshold"": 1.95}",-0.038140790451660654,-0.027539498299252358
local_surface,2,-0.03230369165253837,0.17014242118882594,183.24338762036555,True,0.12281990755939144,19661.699999999964,1.7469439111099616,1077,46.56418678977273,-0.0012759884038108607,0.5738161559888579,-0.06333139490126588,local__rvol1p95__pdh0p85,0.28922227145409307,26.60844897377656,0.025144600740406385,1631.2900000000036,2.2996669747283285,False,92,46.670833333333334,-0.06333139490126588,0.6413043478260869,"{""param_overrides.pdh_size_mult"": 0.85, ""param_overrides.rvol_threshold"": 1.95}",-0.04161200262715663,-0.03230369165253837
local_surface,2,-0.03940366178624692,0.16633941834732868,178.48219588668368,True,0.12308555926217905,19665.209999999966,1.7455461062171007,1073,46.39124644886363,-0.012410067052014176,0.5694315004659832,-0.06639725652047966,local__rvol1p95__pdh0p9,0.2899746015369059,26.387688739858437,0.025135179271301846,1635.7100000000037,2.299058888933017,False,91,46.16354166666667,-0.06639725652047966,0.6373626373626373,"{""param_overrides.pdh_size_mult"": 0.9, ""param_overrides.rvol_threshold"": 1.95}",-0.04750174020651674,-0.03940366178624692
local_surface,2,-0.0419871004659972,0.16720152429539503,180.24324319043583,True,0.1263121030233886,18920.62999999997,1.7207913965058772,1078,46.607421875,-0.0202473462443618,0.5686456400742115,-0.06372685468763259,local__rvol1p95__pdh0p8,0.28922227145409307,26.60844897377656,0.025156404645376634,1628.4600000000034,2.3005726333948364,False,92,46.670833333333334,-0.06372685468763259,0.6413043478260869,"{""param_overrides.pdh_size_mult"": 0.8, ""param_overrides.rvol_threshold"": 1.95}",-0.04850902673248781,-0.0419871004659972
short_hold_target,3,-0.18880523197819293,0.10211295962472332,113.75383702194178,False,0.15967349116521393,10452.319999999985,1.4705520083158914,1114,48.16388494318181,-0.2965063720206859,0.5538599640933572,-0.2965063720206859,rec__adaptive_start22,0.28238382758769176,26.82646362083072,0.022948198813254835,1501.160000000006,2.206477797870212,False,95,48.192708333333336,-0.07310409193569994,0.6526315789473685,"{""param_overrides.adaptive_trail_start_bars"": 22, ""param_overrides.pdh_size_mult"": 0.9, ""param_overrides.rvol_threshold"": 1.9}",-0.15129488996544505,-0.18480523197819293
