name,category,is_expected_total_r,is_net_profit,is_trades_per_month,is_profit_factor,is_max_drawdown_pct,oos_expected_total_r,oos_net_profit,oos_trades_per_month,oos_profit_factor,oos_max_drawdown_pct,is_guardrail,oos_floor,strict_joint_uplift,preliminary_score
reclaim__or_avwap__structure_stop__buffer_0p0025,entry_expansion,286.76502616751355,29967.999999999996,69.56525213068181,1.6564888405878695,0.1257092987557746,55.833294112624266,2822.3299999999986,58.84583333333334,3.052469292919011,0.017093820496568417,False,True,False,1.0492319133705836
combo__entry_expansion__capacity,orthogonal_combination,279.72623599587394,38963.22999999999,62.08558238636363,1.8365130431328847,0.10572132636137595,50.47215982990534,2864.110000000009,59.353125000000006,2.939337102617071,0.028153881749153307,True,True,False,1.0490614578740645
combo_balanced__selection30__flow8,balanced_geometry_combination,255.65573345400637,31699.06,57.32972301136363,1.869192518141847,0.11371949581328096,56.29197988724759,2757.080000000006,56.81666666666667,3.535642353287421,0.01887807170957054,True,True,False,1.0434785656384975
reclaim__or_avwap__structure_stop,entry_expansion,279.3597139005466,29769.33000000001,69.47878196022727,1.6330761558631572,0.13452662963568068,54.3025511893389,2923.2100000000064,59.86041666666667,3.0876343510087603,0.016430894343595046,False,True,False,1.0387343874872774
combo_balanced__geom125__selection30,balanced_geometry_combination,254.83915133801,31713.76,56.03267045454545,1.8911448518952916,0.11381728529243798,56.82135190380709,2686.6100000000065,54.7875,3.5937035392249705,0.019785000563735545,True,True,False,1.0374380298991621
combo__signal_geometry__selection_expansion,orthogonal_combination,253.74065026451171,30787.710000000003,55.42737926136363,1.8851909109806626,0.109822364209112,57.04332195157073,2722.250000000007,53.77291666666667,3.704884640607311,0.019791342629535875,True,True,False,1.0373681783650426
combo_balanced__geom125__selection30__mfeoff,balanced_geometry_combination,254.6715271988848,31674.12,56.03267045454545,1.889529823737612,0.11381728529243798,56.82135190380709,2686.6100000000065,54.7875,3.5937035392249705,0.019785000563735545,True,True,False,1.037174803881434
reclaim__or_avwap__structure_stop__minrisk_0p75,entry_expansion,295.76284142730685,32209.14000000001,69.65172230113636,1.6894566611083404,0.13948703834895437,50.8683581161712,2872.6500000000005,59.353125000000006,3.1495435498353834,0.015429549613768627,False,True,True,1.0338635811793675
combo__capacity__signal_quality_sizing,orthogonal_combination,271.2931918338883,33700.84,58.62677556818181,1.8787418607586088,0.1143820221040238,51.581033491824876,2798.650000000008,56.81666666666667,3.2966108649269814,0.022120537498532735,True,True,True,1.0325438166606375
reclaim__or_avwap__structure_stop__minrisk_0p9,entry_expansion,275.8258453512265,31428.089999999997,69.65172230113636,1.693255272854329,0.1266426302061945,48.773697918310965,2878.9200000000014,59.86041666666667,3.3753857324378362,0.014374771493182064,False,True,False,1.0303438342510354
combo__signal_geometry__signal_quality_sizing__selection_expansion,orthogonal_combination,253.08037567889488,28817.03,55.90296519886363,1.8931779832801665,0.10429212491353987,57.10063375261731,2529.340000000006,55.802083333333336,3.655781770073194,0.018713420114475257,True,True,False,1.023951018421892
combo_balanced__geom115__selection30__flow8__mfeoff,balanced_geometry_combination,250.3607377462192,30637.62000000001,55.686789772727266,1.8770392245042722,0.10424570468132412,55.58849752004373,2682.8300000000054,54.280208333333334,3.60102767948035,0.018876524369656894,True,True,False,1.023935339932113
combo_balanced__geom115__selection30__flow8,balanced_geometry_combination,249.31515433817475,30671.010000000002,55.73002485795454,1.878609499441111,0.10424570468132412,55.58849752004373,2682.8300000000054,54.280208333333334,3.60102767948035,0.018876524369656894,True,True,False,1.0235925751270392
capacity__leverage_3p0,capacity,269.18590279033003,36208.93,58.58354048295454,1.87343270160163,0.12333564865347667,50.22923691044169,2833.5100000000093,55.802083333333336,3.124787222076428,0.025237244077110733,True,True,False,1.0233767994763527
combo_balanced__geom125__quality070__selection30,balanced_geometry_combination,253.47216573732,29727.64,56.11914062499999,1.899487254588112,0.10684165092188444,55.75329136456377,2544.5800000000063,56.81666666666667,3.626121058878177,0.018688923647526633,True,True,False,1.0233357206908438
combo__selection_expansion__signal_quality_sizing,orthogonal_combination,263.18423995368414,29814.330000000005,57.54589843749999,1.8790200629818838,0.11235950471561458,54.966722104822615,2560.450000000006,56.81666666666667,3.4788463772605938,0.018689886862533218,True,True,False,1.0225798218371158
combo_balanced__geom125__selection30__flow8__mfeoff,balanced_geometry_combination,251.25756197709123,31465.050000000003,56.24884588068181,1.880367322294228,0.10774366548236533,55.22765579505885,2662.2500000000055,54.280208333333334,3.518232295046307,0.01890619016259268,True,True,False,1.0221871723543734
combo_balanced__geom125__selection30__flow8,balanced_geometry_combination,250.30654204841989,31481.11,56.292080965909086,1.8811995647900968,0.10774366548236533,55.22765579505885,2662.2500000000055,54.280208333333334,3.518232295046307,0.01890619016259268,True,True,False,1.0218167429258531
exit__flow_hold_8,exit_logic,256.93533728733786,31224.0,56.07590553977272,1.8906063619140852,0.11373067977859715,52.28760098895056,2697.700000000007,56.309375,3.5009734299964923,0.01889447597278253,True,True,False,1.0171078427096245
reclaim__or_avwap__cpr_0p65,entry_expansion,280.30628630019214,32295.43,68.3114346590909,1.7417453648135106,0.13015054921080926,46.83033161908648,2777.0700000000043,60.36770833333333,3.3139936006399466,0.014733157020310006,False,True,False,1.016287913918402
selection__long_count_30,selection_expansion,253.55942595571517,31768.190000000006,57.41619318181818,1.872678870216166,0.11966696439147402,53.42150129379199,2666.7400000000066,54.7875,3.3748897933012265,0.01982077312819845,True,True,False,1.013863009089928
reclaim__or_avwap__default,entry_expansion,266.8109894508518,32648.99,69.21937144886363,1.737824780063787,0.12630257616228405,46.83033161908648,2768.380000000004,60.36770833333333,3.292996057383306,0.014744017691803392,False,True,False,1.0132447798042172
reclaim__or_avwap__cpr_0p55,entry_expansion,266.8109894508518,32648.99,69.21937144886363,1.737824780063787,0.12630257616228405,46.83033161908648,2768.380000000004,60.36770833333333,3.292996057383306,0.014744017691803392,False,True,False,1.0132447798042172
reclaim__or_avwap__cpr_0p6,entry_expansion,266.8109894508518,32648.99,69.21937144886363,1.737824780063787,0.12630257616228405,46.83033161908648,2768.380000000004,60.36770833333333,3.292996057383306,0.014744017691803392,False,True,False,1.0132447798042172
geometry__entry_range_cap_1p15,signal_geometry,242.1573505395916,30088.829999999994,54.47620738636363,1.899836175000269,0.11013778283402847,55.15992233143081,2633.2900000000063,53.77291666666667,3.667757425943197,0.01968108473322251,True,True,False,1.013069799954507
geometry__entry_range_cap_1p25,signal_geometry,258.12061040095216,31197.35,54.865323153409086,1.9126608811143597,0.11450989057807837,53.72723867325986,2589.880000000006,53.77291666666667,3.546037238748757,0.019736384488093145,True,True,False,1.0125707969483346
combo__signal_geometry__score_discrimination,orthogonal_combination,243.6777587898256,30510.549999999992,54.735617897727266,1.9052248720810654,0.1083561907703188,54.50206951206158,2617.260000000006,53.265625,3.6802732234841224,0.01968037690965932,True,True,False,1.0106938569520225
combo_balanced__geom125__adx15,balanced_geometry_combination,254.63143284232757,31734.719999999994,55.12473366477273,1.9201744852950549,0.11257307836880368,53.069385853890644,2591.6600000000058,53.265625,3.6101135024624194,0.019708121207132053,True,True,False,1.0105963714725077
combo_balanced__geom125__flow8,balanced_geometry_combination,256.1637106606279,31004.569999999992,55.03826349431818,1.9040991353129018,0.10885578771059365,53.585635485263744,2569.910000000005,54.7875,3.4711148291313365,0.018911365656267883,True,True,False,1.0091291241995648
combo__signal_geometry__quality_risk_restore,orthogonal_combination,246.24237596834416,29424.339999999993,54.389737215909086,1.9240778799215117,0.10669410840283525,54.20551909069329,2575.7600000000057,54.280208333333334,3.664983652692144,0.01865082031902902,True,True,False,1.0071385338478571
quality__size_floor_0p7,signal_quality_sizing,268.126823803596,29009.829999999994,56.162375710227266,1.8929426032461314,0.11197563064339137,51.9768248795598,2568.5300000000066,56.309375,3.490695757575774,0.018448047436356477,True,True,False,1.0070900394994267
combo__signal_quality_sizing__exit_logic,orthogonal_combination,250.49153957618853,29039.0,56.42178622159091,1.8856458819403144,0.10740965888808583,51.45523083951172,2650.6700000000064,56.81666666666667,3.6405040593714344,0.017045034322266134,True,True,False,1.0061445963797016
combo__signal_geometry__signal_quality_sizing__score_discrimination,orthogonal_combination,247.40801685142065,28756.109999999993,54.60591264204545,1.915993965599072,0.1021195338061768,54.438813346261895,2516.0600000000054,54.7875,3.7195062635783036,0.018370684349912295,True,True,False,1.0060591373992904
combo__signal_geometry__exit_logic,orthogonal_combination,242.32635798154257,29929.05,54.34650213068181,1.8940383107426904,0.10350989070658675,55.16627212888585,2561.3200000000047,54.280208333333334,3.5385743736124398,0.018923355569225454,True,True,False,1.0052717982385784
reclaim__or_avwap__rvol_2p25,entry_expansion,261.3012690262311,31755.15000000001,65.80379971590908,1.7581883597924026,0.1357600198566698,47.3086622380378,2841.480000000006,59.86041666666667,3.3873569592176374,0.014075349209906338,False,True,False,1.0046766556253184
geometry__breakout_cap_1p0,signal_geometry,266.59640577475534,30141.12,52.27121803977273,1.9148476625812676,0.12027117007378041,53.35169723671102,2610.160000000005,51.23645833333334,3.543024162120042,0.019704944540993866,True,True,False,1.0035091907763833
combo__signal_geometry__signal_quality_sizing,orthogonal_combination,245.80131938921835,28436.30999999999,54.69238281249999,1.9147961419160322,0.10363015798731669,54.44689840103812,2507.4100000000053,54.7875,3.681607203969895,0.018342648997216184,True,True,False,1.0027236694343395
combo__signal_geometry__quality_risk_restore__exit_logic,orthogonal_combination,239.4323528898597,29145.979999999996,54.60591264204545,1.9100468668525514,0.10101129815875975,54.063915902697175,2567.720000000005,55.29479166666667,3.6175316268591358,0.016892896236838657,True,True,False,1.0022904133651263
score__adx_threshold_15,score_discrimination,258.1286486470419,31823.980000000003,56.46502130681818,1.9037183273135574,0.11727769398035721,50.52097479706599,2616.070000000007,55.29479166666667,3.399359820970006,0.019689481380962277,True,True,False,1.0016353472216912
exit__mfe_conviction_off,exit_logic,266.39625894736247,31202.24,55.816495028409086,1.8973657017514343,0.11942598939286705,50.52097479706599,2611.150000000008,55.29479166666667,3.347164417916903,0.01971434232772144,True,True,False,1.0012874704668462
quality__size_floor_0p8,signal_quality_sizing,247.27233515638852,30336.7,56.292080965909086,1.89340574810403,0.11877677247131348,51.15492228582386,2664.3200000000065,55.802083333333336,3.4740184971957233,0.019742375320103506,True,True,False,1.0003842449966436
score__adx_threshold_12,score_discrimination,260.2361711707621,31682.99,56.03267045454545,1.9124494103477778,0.11792133745651437,50.52097479706599,2591.410000000007,55.29479166666667,3.387010307379141,0.019733757837091515,True,True,False,1.0002402620396746
control__balanced_rvol170_or9_trail004,control,265.2286517297941,31031.81,55.85973011363636,1.8911238273991242,0.11942598939286705,50.52097479706599,2611.150000000008,55.29479166666667,3.347164417916903,0.01971434232772144,True,True,True,1.0
score__six_plus_size_1p0,score_discrimination,265.2286517297941,31031.81,55.85973011363636,1.8911238273991242,0.11942598939286705,50.52097479706599,2611.150000000008,55.29479166666667,3.347164417916903,0.01971434232772144,True,True,True,1.0
exit__flow_require_below_entry,exit_logic,265.2286517297941,31031.81,55.85973011363636,1.8911238273991242,0.11942598939286705,50.52097479706599,2611.150000000008,55.29479166666667,3.347164417916903,0.01971434232772144,True,True,True,1.0
exit__adaptive_tighten_20,exit_logic,265.2286517297941,31031.81,55.85973011363636,1.8911238273991242,0.11942598939286705,50.52097479706599,2611.150000000008,55.29479166666667,3.347164417916903,0.01971434232772144,True,True,True,1.0
exit__mfe_check_12,exit_logic,264.01219866319207,31027.65999999998,55.94620028409091,1.8925062937513513,0.11887990849624297,50.330387476957085,2610.900000000008,55.802083333333336,3.34157234847807,0.019714765100671123,True,True,False,0.9996102819971375
exit__mfe_check_20,exit_logic,260.4006005942866,31443.770000000004,55.73002485795454,1.903611656802081,0.11942598939286705,50.52097479706599,2611.150000000008,55.29479166666667,3.347164417916903,0.01971434232772144,True,True,False,0.9989460159323595
combo__signal_geometry__signal_quality_sizing__exit_logic,orthogonal_combination,245.36998881112356,28191.739999999994,54.82208806818181,1.9026319109193466,0.09829543811625947,54.063915902697175,2497.140000000004,55.29479166666667,3.6295648877469433,0.01678623114571174,True,True,False,0.9986881404513923
capacity__max_positions_7,capacity,266.83061448409126,30703.46,56.33531605113636,1.8762890628902005,0.11936883024865809,50.21807709189291,2602.4700000000075,55.802083333333336,3.3218303639137616,0.019729031626711562,True,True,False,0.9984051496883957
exit__flow_hold_10,exit_logic,261.1136013894734,30668.120000000003,56.07590553977272,1.8813192263801595,0.11960604982263748,50.63829027342484,2617.1400000000067,55.29479166666667,3.3717794190946724,0.019234594831903054,True,True,False,0.9981900495702468
selection__long_count_25,selection_expansion,257.7344665001673,31492.24000000001,56.85413707386363,1.8765692368071658,0.11966696439147402,52.15752574066969,2553.3500000000063,54.280208333333334,3.289117201438022,0.019707817013909418,True,True,False,0.9979983593374087
exit__quick_4_min_m0p25,early_exit,227.01540360707492,26691.890000000003,57.589133522727266,1.7881078837096143,0.10052928336992586,52.75501782988097,2757.600000000007,59.353125000000006,3.4226663738194785,0.02378933044635461,False,True,False,0.9969800991553976
quality__size_floor_0p75,signal_quality_sizing,260.4861490837475,29807.989999999994,56.11914062499999,1.8954201323604907,0.11553851230091997,50.5598394515088,2601.590000000007,55.29479166666667,3.430143384241761,0.019287103915561463,True,True,False,0.9965093219824471
capacity__max_positions_8,capacity,262.4045524463996,30677.87999999999,56.20561079545454,1.876568710677761,0.11936883024865809,50.21807709189291,2602.4700000000075,55.802083333333336,3.3218303639137616,0.019729031626711562,True,True,False,0.995842492673449
exit__flow_reversal_off,exit_logic,258.38735624143953,30978.05,56.03267045454545,1.8842259068238962,0.11987609656373613,50.52097479706599,2611.150000000008,55.29479166666667,3.347164417916903,0.01971434232772144,True,True,False,0.9958174284983373
quality__size_floor_0p7__risk_0p00723,quality_risk_restore,255.86394392274218,29813.849999999995,56.07590553977272,1.8942122455565849,0.11560212719599089,50.5598394515088,2616.690000000007,55.29479166666667,3.4581168800669015,0.0186221645653249,True,True,False,0.995748613315193
combo_balanced__geom125__quality070,balanced_geometry_combination,247.6550015342686,28972.89999999999,55.16796874999999,1.910929621145285,0.10748238017016562,53.01421474286719,2487.0200000000054,54.7875,3.6063381610110983,0.018373167888074242,True,True,False,0.9954071113188747
exit__flow_hold_16,exit_logic,255.92905761929347,31016.999999999996,56.03267045454545,1.886831423973869,0.11966363320365438,50.52097479706599,2611.150000000008,55.29479166666667,3.347164417916903,0.01971434232772144,True,True,False,0.9949071361244791
score__adx_threshold_17,score_discrimination,250.42315184653663,31013.630000000005,56.46502130681818,1.8895332461782655,0.12000526521937445,50.52097479706599,2623.510000000007,55.29479166666667,3.4061835057597927,0.019690847778257543,True,True,False,0.9948674552558977
combo_balanced__geom125__quality070__flow8,balanced_geometry_combination,252.06328789816268,29098.069999999992,55.03826349431818,1.9093189499325776,0.10194839048639102,52.631232244526245,2471.0500000000043,55.29479166666667,3.5537401045865176,0.016714783672459044,True,True,False,0.9946981834654064
quality__size_floor_0p9,signal_quality_sizing,246.5766425444054,31830.31,56.07590553977272,1.9062071883195781,0.12160325979621482,50.67977821206192,2662.760000000008,54.280208333333334,3.386948142172039,0.019777217228191386,True,True,False,0.994196641693636
geometry__entry_range_cap_1p35,signal_geometry,247.24145577881444,30406.52,55.211203835227266,1.8939917817434277,0.12490521165026426,52.93746471513272,2612.2100000000064,54.280208333333334,3.3941068646320347,0.019712549971824492,True,True,False,0.993959150500315
exit__flow_hold_24,exit_logic,255.2864802733866,30942.210000000006,55.85973011363636,1.8832699664272916,0.11987609656373613,50.52097479706599,2611.150000000008,55.29479166666667,3.347164417916903,0.01971434232772144,True,True,False,0.9938245947750094
capacity__leverage_2p5,capacity,269.0826656319067,33016.68,57.50266335227272,1.8591055348925074,0.12329588374240188,48.34716884785723,2682.640000000008,55.29479166666667,3.152276118804271,0.023545922079822958,True,True,False,0.9936556387959184
quality__size_floor_0p85,signal_quality_sizing,252.09058570732918,30992.97,55.98943536931818,1.8979141358817473,0.12078140739903742,49.917202610064706,2656.020000000007,55.29479166666667,3.3894311649288995,0.02000624553508377,True,True,False,0.993375392752065
quality__size_floor_0p7__risk_0p00737,quality_risk_restore,244.56731356521388,30538.859999999993,55.90296519886363,1.9048545749009922,0.11824942828511159,50.5598394515088,2640.750000000007,55.29479166666667,3.4280302682027726,0.019259794372992176,True,True,False,0.9926410693931478
quality__size_floor_0p75__top105,signal_quality_sizing,257.90276293730585,28793.719999999994,56.24884588068181,1.8840258228682885,0.11252659449110086,51.9768248795598,2477.420000000008,56.309375,3.3457528902692077,0.01884659694220997,True,True,False,0.9909316910287093
exit__flow_hold_6,exit_logic,241.20075894328747,29998.029999999988,56.85413707386363,1.8506324584098475,0.10567514986135024,50.847841957551395,2627.5200000000077,56.309375,3.372864212693728,0.018994767990393444,True,True,False,0.9897750781315415
combo__entry_expansion__signal_quality_sizing,orthogonal_combination,259.4507581141184,31062.359999999993,59.621182528409086,1.8292419873172447,0.10157556001337374,45.961101105409796,2756.2600000000066,55.29479166666667,3.4485506409516256,0.019668568277444346,True,True,False,0.9897208691970519
reclaim__or_pdh_avwap__default,entry_expansion,262.1370221631618,32400.59999999999,59.31853693181818,1.836361862295569,0.10156112167284755,45.70640517319321,2753.560000000007,54.280208333333334,3.366272224943514,0.020208005053278123,True,True,False,0.9886854679503805
risk__industrials_mult_025,sector_risk,263.08593222301295,30966.68,55.816495028409086,1.893261541674527,0.11942598939286705,49.67576122961951,2551.0900000000074,54.7875,3.278939093459128,0.019530660680310036,True,True,False,0.9877786587373656
reclaim__or_avwap__rvol_1p7,entry_expansion,281.6306787462338,34333.67000000002,72.93758877840908,1.7303539721542163,0.13273776422204883,43.15951968097731,2567.720000000004,63.411458333333336,2.7980099293461977,0.014450468482808877,False,False,False,0.9875817335476678
quality__size_floor_0p6,signal_quality_sizing,255.77681703168224,28049.27,56.637961647727266,1.896764530041594,0.10586680994870984,50.52132837696588,2489.0800000000067,56.309375,3.47822537286686,0.01720313847723759,True,True,False,0.9863674544521501
combo__entry_expansion__signal_geometry,orthogonal_combination,250.2904807475039,31893.869999999988,57.76207386363636,1.8714105465859816,0.12400116442231988,48.06771899986072,2708.9900000000066,52.251041666666666,3.5481746949986475,0.02020578611726804,True,True,False,0.9856288137821196
risk__thursday_mult_0p85,calendar_risk,261.0106104949408,29912.729999999996,56.11914062499999,1.8729193818275411,0.11447905812463437,51.39619018380183,2449.580000000007,54.7875,3.2309471766848974,0.019540768103500628,True,True,False,0.9837717793672554
risk__thursday_mult_0p75,calendar_risk,251.35706008280337,29289.46,56.37855113636363,1.8634090576787932,0.11121393494041502,52.89860564273903,2418.340000000007,55.29479166666667,3.2168707832209016,0.019483890908964605,True,True,False,0.9828366902254767
reclaim__or_pdh__default,entry_expansion,267.75869198288484,32422.060000000005,60.52911931818181,1.82548388435507,0.11157122574538655,44.28215942424151,2635.180000000006,55.29479166666667,3.326643769700086,0.0143372148171954,True,True,False,0.9800111470562616
geometry__avwap_cap_0p015,signal_geometry,239.90805252313697,29660.139999999992,55.08149857954545,1.8811082780712312,0.11811141743435977,49.37167224776554,2582.810000000007,53.265625,3.6041378893134945,0.019528017310480334,True,True,False,0.9770208571912046
score__six_plus_size_0p9,score_discrimination,245.92981336700365,29051.020000000004,56.292080965909086,1.8639061102335226,0.11368170542322988,51.123752574843756,2463.5500000000075,55.802083333333336,3.2476210461010866,0.019398394472387854,True,True,False,0.9756406278500646
capacity__sector_limit_4,capacity,267.6517254020059,32420.230000000003,56.37855113636363,1.926026119349696,0.11885407723623884,47.694498101009685,2401.9700000000075,56.81666666666667,2.9873493128583726,0.019541022272516424,True,True,False,0.9738311417623318
combo__signal_geometry__signal_quality_sizing__entry_expansion,orthogonal_combination,246.02993761038044,30651.819999999985,57.80530894886363,1.8735893011757547,0.12330497578804396,47.51629222213276,2616.950000000006,52.75833333333333,3.4961845895572314,0.01979882037533501,True,True,False,0.971875452297321
score__adx_threshold_25,score_discrimination,255.62922840535342,29682.729999999996,55.686789772727266,1.8675315269605635,0.1249572269298443,49.880779606357414,2443.840000000007,55.29479166666667,3.2286219757972745,0.019406587959310398,True,True,False,0.968463941271376
time__late1030_size075,time_discrimination,244.91638115871558,27733.100000000006,56.42178622159091,1.8529083599664409,0.11392305015941931,50.71342336377774,2395.9700000000066,55.802083333333336,3.2993953934741036,0.0181924678326741,False,True,False,0.9664953824783813
combo__entry_expansion__exit_logic,orthogonal_combination,244.20080857214484,31423.33,59.70765269886363,1.80598287814148,0.10222481510616364,44.45528230174657,2721.260000000008,54.7875,3.269835179500883,0.019950253912322226,True,True,False,0.9661355490788479
geometry__entry_range_cap_1p0,signal_geometry,244.98546945524052,30179.199999999983,52.18474786931818,1.951101438066937,0.10131281487198604,48.2557154327156,2341.3900000000044,49.20729166666667,4.033281513149381,0.014215843204211298,True,True,False,0.9633524197361469
time__late1030_rvol_add010,time_discrimination,247.9898026654672,30554.309999999998,53.48180042613636,1.9216624989065283,0.1188734112665335,48.66254792565864,2471.5300000000066,51.23645833333334,3.2546341908411023,0.0195231787390981,True,True,False,0.957976686775458
score__six_plus_size_0p8,score_discrimination,261.58836741573384,26546.69,56.33531605113636,1.826494522662472,0.10412822773794306,50.54736460650871,2275.280000000006,56.309375,3.0966071395661854,0.019232473166387928,False,True,False,0.9577186046953248
quality__hard_min_55p0,signal_quality,241.86556647530085,30576.140000000003,54.08709161931818,1.91568605313147,0.10532392942066325,48.556319073279276,2463.6900000000064,52.75833333333333,3.2074492867894886,0.01884230976289105,True,True,False,0.9565278806530201
time__late1030_score5,time_discrimination,258.6457300189957,30244.410000000003,54.260031960227266,1.9067361210004423,0.12224427670390658,47.69923510806449,2407.430000000007,53.265625,3.230609578696727,0.019389243621569158,True,True,False,0.9563143547948653
score__adx_threshold_30,score_discrimination,245.11391441814988,29136.47999999999,55.816495028409086,1.842563321338223,0.1285317107269965,50.03681764658483,2421.850000000007,54.7875,3.232737162349052,0.01963741991739149,False,True,False,0.9558985867960187
exit__quick_6_min_m0p25,early_exit,238.0142576995783,27586.690000000002,56.767666903409086,1.8287372302375475,0.11103892045174135,47.42637340957859,2509.1500000000074,59.353125000000006,3.0898089384172205,0.016366025254051803,False,True,False,0.9553732926791912
confirm__bars1__mae_0p8,entry_confirmation,226.2446344485474,25202.13000000004,53.04944957386363,1.8323536940004612,0.12292845316265341,48.03406612655711,2644.1700000000073,53.265625,3.3679063644586265,0.022613976670645408,False,True,False,0.9399434017444225
reclaim__or__default,entry_expansion,258.7514627452668,33301.500000000015,59.31853693181818,1.849185137736471,0.12731227014403912,42.53497956584916,2446.3800000000065,56.309375,2.8301227622631457,0.01997960680674834,False,False,False,0.9382465072289756
geometry__entry_range_cap_0p75,signal_geometry,233.39477048842787,29342.129999999972,49.41770241477273,2.0363534450422867,0.08268173792432795,45.6228877256806,2242.730000000006,48.7,3.8948910574143047,0.01649546394891652,False,True,False,0.9306147803453142
mature__bars4__mfe010__stop_m0p4,maturation,238.07807236816217,27659.260000000017,56.89737215909091,1.8030330259796556,0.11080787281069003,46.98632403464042,2304.57000000001,57.831250000000004,2.8639959235174386,0.018079367108334205,False,True,False,0.9298779311682352
mature__bars4__mfe010__stop_m0p25,maturation,237.66735655404767,27854.080000000013,57.20001775568181,1.8082370651683155,0.10659459210934609,45.849325164349544,2209.320000000009,58.84583333333334,2.7481286892120864,0.017593279968306983,False,False,False,0.9184838907559563
geometry__avwap_cap_0p01,signal_geometry,241.4928384616571,29815.73999999999,52.66033380681818,1.9577064952184915,0.12157853561570395,44.14790187799835,2237.6200000000085,49.71458333333334,3.2297045488515925,0.018966650636853887,True,True,False,0.9108049860477075
confirm__bars1__mae_0p65,entry_confirmation,253.8212610842055,27394.330000000045,51.75239701704545,1.9266521416014606,0.11598051537434047,40.323308195150176,2112.9700000000066,54.7875,2.8706795807068612,0.0224178118481032,False,False,False,0.8851985764812385
mature__bars4__mfe020,maturation,204.15710874449385,20794.490000000027,58.45383522727272,1.6732310053225257,0.10785101879553058,46.62499316738164,2118.580000000006,61.889583333333334,2.7355878329114414,0.012322709068222509,False,False,False,0.8818009551107395
confirm__bars1__mae065_size105,entry_confirmation_composite,251.34286004320018,28607.450000000044,51.27681107954545,1.9275770442316351,0.11965546077424308,38.40091433137812,2205.130000000007,52.75833333333333,2.874919225929338,0.022698138966107288,True,False,False,0.8785256794568109
mature__bars4__mfe010,maturation,218.62118885733656,25774.49000000001,57.93501420454545,1.7732322256568787,0.10134223803368789,43.675157234811394,1992.1300000000074,60.36770833333333,2.5777747857629465,0.017359444611961202,False,False,False,0.8768760834919759
geometry__breakout_cap_0p75,signal_geometry,229.62235119514014,23595.61,44.79154829545454,1.8502996061947927,0.11167551650658838,46.59192062710085,2195.9800000000055,46.16354166666667,3.217086665051302,0.024594656533116134,False,True,False,0.8747985218348643
confirm__bars1__mae050_size110,entry_confirmation_composite,236.91164593128337,28594.52000000003,49.59064275568181,1.9408088229246028,0.11089396684394062,39.23079803424553,2230.7000000000066,51.23645833333334,2.9412752699962694,0.022847890696998115,False,False,False,0.873353288387647
quality__hard_min_60p0,signal_quality,225.2650271156149,28857.199999999983,49.85005326704545,1.954963761797147,0.10876774193031293,41.5929066289789,2226.4600000000046,45.14895833333333,2.9898116951015803,0.017532806731468238,False,False,False,0.866916064949414
confirm__bars1__mae_0p5,entry_confirmation,234.89315651397467,26540.020000000033,50.41210937499999,1.9302867342052945,0.10339252908756863,39.06947035272129,2007.4800000000066,54.280208333333334,2.8839140757702424,0.022197834954780785,False,False,False,0.8579671019218356
exit__quick_8_min_0p0,early_exit,206.87669225582846,21407.90999999999,57.80530894886363,1.6921679419621458,0.12625080885639334,41.0012109535474,2059.5500000000065,59.86041666666667,2.510975305562496,0.020647133676966325,False,False,False,0.8373750542480156
confirm__bars1__delay_only,entry_confirmation,75.6833337472805,24449.63000000003,55.12473366477273,1.7768584196204695,0.13927553627723577,46.98001207250307,2603.1700000000083,53.77291666666667,3.254041510446896,0.022613976670645408,False,True,False,0.8354173732929551
confirm__bars1__rvol_ratio050,entry_confirmation,72.91969294506272,21962.410000000033,49.24476207386363,1.788534685615275,0.14449560121552332,49.44900078560503,2627.640000000006,49.71458333333334,3.672076634430595,0.014922448730323659,False,True,False,0.8316141496773286
mature__bars4__above_breakout,maturation,179.83743770045854,17153.27999999998,57.589133522727266,1.5376115056324007,0.1224000755896246,41.799252111032295,2177.480000000007,59.353125000000006,2.7910737493214124,0.019395052818056452,False,False,False,0.8261884574165886
mature__bars4__current0_breakout_fail2,maturation,179.83743770045854,17153.27999999998,57.589133522727266,1.5376115056324007,0.1224000755896246,41.799252111032295,2177.480000000007,59.353125000000006,2.7910737493214124,0.019395052818056452,False,False,False,0.8261884574165886
geometry__avwap_cap_0p0075,signal_geometry,227.0246816037684,26040.719999999994,49.72034801136363,1.924245876678343,0.10918494690202228,37.60955789730034,1849.9300000000064,47.178125,2.6805934081907146,0.020480487978882436,False,False,False,0.8119142209954171
quality__hard_min_62p5,signal_quality,219.32152876976605,26877.660000000018,45.829190340909086,1.9889698915607552,0.10215408499902978,36.227772162283244,2017.470000000002,42.10520833333334,2.913472755726284,0.014442105832458,False,False,False,0.8065279321872175
mature__bars4__mae050,maturation,161.6863398058227,15985.76000000001,57.76207386363636,1.523266151575976,0.12340193386714707,40.83110055662283,2120.9400000000073,59.86041666666667,2.660071069645132,0.025483849474507242,False,False,False,0.8012832820569226
confirm__bars1__mae_0p35,entry_confirmation,184.03109572509686,21405.62000000002,46.95330255681818,1.8491729283339453,0.08838784318321885,39.101943154293096,1906.1000000000067,51.23645833333334,2.7710075445051627,0.018283979726016576,False,False,False,0.7923048772375724
confirm__bars1__current_m0p1,entry_confirmation,191.13447551912535,19687.030000000035,42.24067826704545,1.888444374044127,0.08402745015320746,37.20422426790019,1944.8300000000074,49.71458333333334,3.024493832301064,0.018371548223439556,False,False,False,0.7839713645908484
confirm__bars1__mae_0p2,entry_confirmation,167.17836796133554,17890.89000000002,38.219815340909086,2.035507037509075,0.07903101060549522,38.07851188110706,1957.4500000000044,46.16354166666667,3.6616401289041947,0.013690177162291432,False,False,False,0.7821351779110249
exit__quick_6_min_0p0,early_exit,175.2602291498163,19296.510000000013,58.23765980113636,1.6654678032935237,0.09544409643145091,36.91852270909497,1696.370000000006,62.90416666666667,2.2676126853180367,0.017680513893775084,False,False,False,0.7780673352423976
confirm__bars1__above_avwap,entry_confirmation,203.92547194411486,23087.660000000033,50.23916903409091,1.780217043302888,0.11481643508812236,34.84237247278425,1629.970000000006,51.743750000000006,2.4827074919040966,0.02081894132377694,False,False,False,0.764673876245917
confirm__bars1__above_breakout,entry_confirmation,156.44848316128824,26584.110000000037,51.19034090909091,1.901342344911206,0.11094717224793399,31.19041680176204,1757.010000000006,53.265625,2.645309910196755,0.022443068644450132,False,False,False,0.754301038398681
confirm__bars1__mfe_0p05,entry_confirmation,77.65868651893516,18492.66000000001,45.699485085227266,1.733626979942612,0.12179784223326993,42.625314885036005,2194.2400000000084,44.641666666666666,3.1943936075525494,0.014773041612951881,False,False,False,0.7514123498766759
confirm__bars1__rvol_ratio075,entry_confirmation,39.17091656279426,15666.519999999991,37.65775923295454,1.7801488438334878,0.10714769363158201,45.49612666382776,2309.2600000000057,39.56875,3.800426868459043,0.011490801827782613,False,False,False,0.7433958501703616
quality__hard_min_65p0,signal_quality,211.9697709045633,23475.880000000012,40.98686079545454,2.0157165151694123,0.09918340103561028,30.45457021751218,1782.670000000004,39.061458333333334,2.87556682483404,0.015767980069434293,False,False,False,0.7376016558981126
confirm__bars1__above_breakout_avwap,entry_confirmation,216.35851450612003,24914.28000000002,47.86123934659091,1.896693529259545,0.09998847316446476,27.5028518459615,1410.7800000000052,48.7,2.4509719222462323,0.02088880064259338,False,False,False,0.7214642500345755
exit__retrace_start_20,exit_logic,143.16835405082932,14050.45999999998,56.42178622159091,1.52726469660006,0.16275837269288468,37.89477984601958,1803.4700000000068,55.802083333333336,2.6635949376429915,0.02174278678047053,False,False,False,0.7085713528306276
quality__hard_min_67p5,signal_quality,193.18289364060809,21075.09999999999,36.96599786931818,2.0354889744899958,0.0885845565511963,28.987979587658263,1766.0000000000039,35.51041666666667,3.029931722568345,0.018927634920038933,False,False,False,0.7046900659390347
exit__adaptive_tighten_30,exit_logic,121.66960388478444,12559.189999999984,54.77885298295454,1.4713777202613156,0.1599473594176951,38.582644085573776,1837.1100000000056,54.7875,2.7018629512631316,0.018694117940299897,False,False,False,0.6952115371679445
confirm__bars1__mfe_0p1,entry_confirmation,95.65559999185162,16784.080000000024,37.61452414772727,1.8099681978969127,0.09871656987165685,37.07878697990169,1948.1700000000067,37.53958333333333,2.9408916562889322,0.015213118570268152,False,False,False,0.6849391043560292
exit__retrace_start_15,exit_logic,126.26085095214646,11870.999999999989,56.89737215909091,1.4746368554258773,0.1493036611755306,34.76038765725499,1649.760000000007,56.309375,2.544213038798159,0.02160496878333629,False,False,False,0.6765572943975414
confirm__bars1__current_0p0,entry_confirmation,164.38301230233566,16359.690000000026,33.68013139204545,2.0306498130809363,0.04624385545625253,29.185080150851846,1572.780000000005,38.55416666666667,3.319871378842431,0.013514250740752177,False,False,False,0.6764303651790717
confirm__bars1__current0_breakout,entry_confirmation_composite,164.38301230233566,16359.690000000026,33.68013139204545,2.0306498130809363,0.04624385545625253,29.185080150851846,1572.780000000005,38.55416666666667,3.319871378842431,0.013514250740752177,False,False,False,0.6764303651790717
confirm__bars1__current0_breakout_rvol050,entry_confirmation_composite,161.4726907314393,15369.080000000027,30.913085937499996,2.0571231460547446,0.0541968211024686,28.910686911241342,1545.9500000000046,36.01770833333334,3.311977507589714,0.013545229223998725,False,False,False,0.6603868921655943
mature__bars4__mae035,maturation,112.5520173458534,9524.620000000006,58.670010653409086,1.3595547609592131,0.13963194545719737,32.87617613333176,1576.0700000000045,59.86041666666667,2.1284079844206483,0.02896894302699581,False,False,False,0.651035805955259
confirm__bars1__mfe010_mae035,entry_confirmation_composite,164.51400060417353,16217.810000000012,33.03160511363636,1.9334845606015179,0.06537817948304638,30.921048348410245,1444.600000000005,35.51041666666667,2.782334579462329,0.015057676500388795,False,False,False,0.6488557237696846
quality__hard_min_70p0,signal_quality,183.8145635962247,19375.460000000003,31.475142045454543,2.1399984937667837,0.07090680634429783,22.006040222068496,1451.9999999999995,32.973958333333336,2.6220745126515106,0.015773592815692305,False,False,False,0.621246522057445
exit__retrace_start_10,exit_logic,78.22057810345248,8841.209999999995,58.02148437499999,1.3881881383481778,0.1479615039402839,30.235482301163767,1466.7500000000098,60.875,2.460629960465666,0.017073648742525004,False,False,False,0.6172720454002036
mature__bars4__above_avwap,maturation,140.71139491846438,11704.980000000009,57.718838778409086,1.4042678043057273,0.15697010818150603,30.53714328504515,1050.4900000000064,60.875,1.6700750133952555,0.02160778555929452,False,False,False,0.6035437068671698
mature__bars8__current0,maturation,122.12177368150464,9984.699999999995,57.63236860795454,1.383274967074213,0.15647228405110128,24.70994023046863,974.7100000000033,60.36770833333333,1.6274324263432693,0.034506573969191455,False,False,False,0.5534811736536386
mature__bars6__current0,maturation,94.30572795684817,8323.480000000003,58.194424715909086,1.3480980339429334,0.14253672901023093,27.081389897621627,795.8200000000038,63.411458333333336,1.5008307111390848,0.03388477818946736,False,False,False,0.548729234315051
mature__bars4__current0,maturation,58.89677757533467,5761.990000000011,59.31853693181818,1.249813246715072,0.14355378921774536,27.824034260392494,981.3700000000023,65.440625,1.6557067069341085,0.022292690838520257,False,False,False,0.5438241753327124
confirm__bars1__rvol_ratio100,entry_confirmation,61.759274891694,8992.770000000006,23.3037109375,1.7918352503814885,0.0803779307672519,24.949039710280466,1423.1700000000008,24.85729166666667,4.100318055071463,0.005980931105222124,False,False,False,0.5408761017979975
mature__bars2__current0,maturation,19.34027415185377,2515.439999999996,60.87499999999999,1.1263374865899765,0.1875180000000005,30.320050694269348,1332.1200000000042,67.97708333333334,1.8876775861609454,0.017554274167471823,False,False,False,0.5203391316073416
geometry__breakout_cap_0p5,signal_geometry,129.73937296787568,13264.009999999998,29.745738636363633,1.7073436981718078,0.1013204574741696,26.41746725715572,864.9700000000018,30.4375,1.8950249373978207,0.01765514264946367,False,False,False,0.5140976502812744
confirm__bars1__mfe_0p2,entry_confirmation,48.27760601956297,9096.880000000003,23.995472301136363,1.6805277619640036,0.0629332472125342,26.365781670444058,1401.4700000000048,21.81354166666667,2.979561280845252,0.019263998753620264,False,False,False,0.4955694411511664
confirm__bars2__delay_only,entry_confirmation,-185.84773126842077,17022.50999999998,54.77885298295454,1.6187526375803714,0.12456921435559506,20.122200002910795,1913.3800000000092,50.72916666666667,2.3914580136573003,0.03625662051409686,False,False,False,0.47907508847364577
confirm__bars1__current_0p1,entry_confirmation,109.16178975885691,9433.560000000018,20.579900568181817,1.9542497147435154,0.03898835314915576,16.783855659022148,853.4100000000057,24.35,2.418519996010789,0.01264688517461582,False,False,False,0.44463493953769884
confirm__bars3__delay_only,entry_confirmation,-472.8837016419553,13797.439999999991,54.64914772727273,1.5351200869382422,0.10747584810023694,-2.2868978396124895,1666.700000000003,52.75833333333333,2.167328528705207,0.029708328611101547,False,False,False,0.19576367441947023
