category,is_expectancy,is_expectancy_dollar,is_expected_total_r,is_guardrail_pass,is_losing_trades,is_max_drawdown_pct,is_net_profit,is_profit_factor,is_sharpe,is_sortino,is_tail_loss_r,is_total_trades,is_trades_per_month,is_utility,is_win_rate,is_winning_trades,name,neg_is_drawdown,neg_oos_drawdown,oos_expectancy,oos_expectancy_dollar,oos_expected_total_r,oos_losing_trades,oos_max_drawdown_pct,oos_net_profit,oos_profit_factor,oos_sharpe,oos_sortino,oos_tail_loss_r,oos_total_trades,oos_trades_per_month,oos_utility,oos_win_rate,oos_winning_trades,patch,robust_score,strict_oos_uplift
late_quality,0.11856142770062786,13.987470265324786,259.1752809535725,True,1020,0.04092189147204877,30576.609999999982,1.7497245842036737,5.188973621532622,7.158761224112443,-1.0786965534890778,2186,94.51189630681817,0.37259296213239135,0.5333943275388838,1166,r110__entry1330_late_score5_failure_m010,-0.04092189147204877,-0.013800639925938524,0.32928477444622306,18.180378787878755,43.46559022690144,59,0.013800639925938524,2399.809999999996,2.9112702192559734,6.068881255937763,11.566115593270286,-0.9853238420494347,132,66.9625,0.12694517384032472,0.553030303030303,73,"{""param_overrides.entry_window_end"": ""13:30:00"", ""param_overrides.failure_stop_to_r"": -0.1, ""param_overrides.late_entry_cutoff"": ""12:30:00"", ""param_overrides.late_entry_score_min"": 5, ""param_overrides.rvol_threshold"": 1.1}",0.21292189974254802,True
late_quality,0.12045966684996563,14.264328493647907,265.49310573732424,True,947,0.044266266127211955,31438.579999999987,1.7156028497940037,5.199514995281228,7.100753966162929,-1.07670829270507,2204,95.29012784090908,0.3925065609927665,0.5703266787658802,1257,r110__entry1330_late_score4,,,0.3266362559599448,16.53308823529409,44.42253081055249,56,0.013968742603859963,2248.4999999999964,2.5484044238158825,5.669781177533499,9.256377061123434,-0.9853238420494345,136,68.99166666666667,0.11281264667231929,0.5882352941176471,80,"{""param_overrides.entry_window_end"": ""13:30:00"", ""param_overrides.late_entry_cutoff"": ""12:30:00"", ""param_overrides.late_entry_score_min"": 4, ""param_overrides.rvol_threshold"": 1.1}",0.2107055166844758,False
rvol_time_exit,0.12498999653233529,14.639314942528728,271.85324245782925,True,1042,0.041006293279451135,31840.509999999984,1.764603047941331,5.188993946583179,6.913414650854095,-1.080588885170972,2175,94.03631036931817,0.4146637520664635,0.5209195402298851,1133,r110__entry1330_trail30_failure_m010,,,0.3260755850811552,17.510992366412196,42.715901645631334,62,0.014287830523805313,2293.939999999998,2.7362023553631407,5.899764415757368,9.443251546410945,-1.0151863864747475,131,66.45520833333333,0.0973751645220295,0.5267175572519084,69,"{""param_overrides.adaptive_trail_start_bars"": 30, ""param_overrides.entry_window_end"": ""13:30:00"", ""param_overrides.failure_stop_to_r"": -0.1, ""param_overrides.rvol_threshold"": 1.1}",0.20842617016258141,False
late_quality,0.12307086810587384,14.57731696014828,265.58693337247576,True,925,0.044727524464026905,31457.84999999999,1.7318776363994643,5.2263615681542035,7.156364155163641,-1.0780856670529735,2158,93.30131392045453,0.39106279601675004,0.5713623725671918,1233,r110__entry1330_late_score5,,,0.3340606673160602,18.317265624999976,42.75976541645571,51,0.01386149528723544,2344.609999999997,2.7665172348841565,5.982250693804805,10.955103563929091,-0.9853238420494345,128,64.93333333333334,0.10885803638388726,0.6015625,77,"{""param_overrides.entry_window_end"": ""13:30:00"", ""param_overrides.late_entry_cutoff"": ""12:30:00"", ""param_overrides.late_entry_score_min"": 5, ""param_overrides.rvol_threshold"": 1.1}",0.20762970225538924,False
rvol_time_exit,0.1309049194636969,15.93634615384615,279.0892882966018,True,932,0.04320875827356281,33976.28999999999,1.7626944235741855,5.312329726572336,7.097442925497443,-1.0823090653114475,2132,92.17720170454545,0.45502872482022877,0.5628517823639775,1200,r110__entry1330_trail30,,,0.31897691605857875,17.42085271317829,41.14802217155666,56,0.015098298052896841,2247.2899999999995,2.6112493278365303,5.719095740361386,8.872137064757647,-1.0151863864747475,129,65.440625,0.06997177746126107,0.5658914728682171,73,"{""param_overrides.adaptive_trail_start_bars"": 30, ""param_overrides.entry_window_end"": ""13:30:00"", ""param_overrides.rvol_threshold"": 1.1}",0.20474170903689975,False
rvol_fine,0.11460901049928662,12.892581196581194,268.1850845683307,True,1023,0.0381019504153774,30168.639999999992,1.676425995839467,5.05044121149043,5.998178628638708,-1.095592435626701,2340,101.17009943181817,0.39621777965011296,0.5628205128205128,1317,rvol_fine__0p8,,,0.27843345103303935,14.788027210884346,40.92971730185678,60,0.01066631775956129,2173.839999999999,2.56542278167442,6.561893816080799,11.00245311271802,-0.9430051842360566,147,74.571875,0.09697277115508274,0.5918367346938775,87,"{""param_overrides.rvol_threshold"": 0.8}",0.2017085241283433,False
late_quality,0.12886507337360742,15.422803368003958,260.17858314131337,True,861,0.04413500858971692,31138.639999999992,1.780329622220267,5.347129693154183,7.338007004992901,-1.0792664839265595,2019,87.29163707386363,0.3740798798684543,0.5735512630014858,1158,r110__entry1330_late_score6,,,0.3637519653127773,18.35381355932201,42.92273190690772,46,0.013727515346475263,2165.7499999999973,2.7701990273407158,6.132852284767476,10.266951414537257,-1.014431334090828,118,59.86041666666667,0.08344409380107297,0.6101694915254238,72,"{""param_overrides.entry_window_end"": ""13:30:00"", ""param_overrides.late_entry_cutoff"": ""12:30:00"", ""param_overrides.late_entry_score_min"": 6, ""param_overrides.rvol_threshold"": 1.1}",0.18516661892465644,False
rvol_time_exit,0.11520475532668219,13.390389087656525,257.59783291046136,True,1025,0.041344351859102235,29940.90999999999,1.702078008016202,5.106254463459258,6.91751527040421,-1.0773483797585495,2236,96.67365056818181,0.3605488664817748,0.5415921288014311,1211,r110__entry1330_failure_m0p15,,,0.3008260962062363,15.91172661870501,41.81482737266685,64,0.014010213762338315,2211.7299999999964,2.5500571180275675,5.810425356195271,9.394335975480386,-0.9853238420494347,139,70.51354166666667,0.08283592095119048,0.539568345323741,75,"{""param_overrides.entry_window_end"": ""13:30:00"", ""param_overrides.failure_stop_to_r"": -0.15, ""param_overrides.rvol_threshold"": 1.1}",0.180035451886895,False
rvol_trail,0.14300007211316812,15.98756320602475,265.83713405837955,True,812,0.043207097112704755,29720.880000000012,1.7874246808997674,5.282477242286403,6.629786384226156,-1.0814200477415603,1859,80.3740234375,0.36428558748204576,0.5632060247444863,1047,r110__trail_start32,-0.043207097112704755,-0.013999272283102892,0.3979764774259448,21.15628571428571,41.7875301297242,42,0.013999272283102892,2221.4099999999994,3.007455403133982,6.05874074721334,9.432601338355552,-1.0502663874012037,105,53.265625,0.07660346392064273,0.6,63,"{""param_overrides.adaptive_trail_start_bars"": 32, ""param_overrides.rvol_threshold"": 1.1}",0.1772922071671338,True
rvol_fine,0.13211130171314353,13.787585199610511,271.35661371879684,True,876,0.032268889484792285,28319.69999999999,1.723669534033143,5.176190161901927,6.497566423371125,-1.083407795704399,2054,88.80486505681817,0.3796350728035058,0.5735150925024343,1178,rvol_fine__1p0,-0.032268889484792285,-0.014449291166848536,0.32364343874921075,19.39291666666664,38.83721264990529,48,0.014449291166848536,2327.149999999997,3.0103925498462263,6.342902591154599,13.239261307703817,-0.9643282418288134,120,60.875,0.06580040785555813,0.6,72,"{""param_overrides.rvol_threshold"": 1.0}",0.1756425405873398,True
rvol_time,0.12325970233325749,14.729926096997682,266.8572555515025,True,923,0.04330831417588329,31890.289999999983,1.7406986148202475,5.281616029801872,7.151651180369048,-1.0774027178762289,2165,93.60395951704545,0.40289502119476106,0.5736720554272517,1242,r110__entry1315,,,0.3057099966146466,15.106074074074048,41.27084954297729,57,0.013869674370221118,2039.3199999999965,2.4238675082388395,5.661550635277951,8.545193811913402,-0.9853238420494345,135,68.484375,0.05290531194336047,0.5777777777777777,78,"{""param_overrides.entry_window_end"": ""13:15:00"", ""param_overrides.rvol_threshold"": 1.1}",0.17540171018135067,False
incumbent,0.1192292665178079,14.096977898060436,264.3312838699801,True,954,0.044580887434052766,31252.999999999985,1.7066443516612113,5.184769238244639,7.049321409890108,-1.07670829270507,2217,95.85218394886363,0.38716932240588947,0.5696887686062246,1263,control__rvol110_entry1330,,,0.30115355514087017,14.838905109489025,41.258037054299216,58,0.013876937550912703,2032.9299999999964,2.3999352688408964,5.700371226560958,8.515192372068439,-0.9853238420494345,137,69.49895833333333,0.053090388722300055,0.5766423357664233,79,"{""param_overrides.entry_window_end"": ""13:30:00"", ""param_overrides.rvol_threshold"": 1.1}",0.17001801551155635,False
late_quality,0.12809137625633707,15.038623226484496,243.75788901580944,True,803,0.04254469768080364,28618.499999999996,1.759324298616349,5.211296886661886,7.006335516480303,-1.0765205408455356,1903,82.2763671875,0.3042762386244781,0.5780346820809249,1100,r110__entry1330_late_rvol_add0p1,-0.04254469768080364,-0.01389955822923222,0.3633578654979974,20.44539823008847,41.05943880127371,41,0.01389955822923222,2310.3299999999967,3.1448345649671343,6.196917855861442,12.08010983337572,-0.957824803370837,113,57.32395833333334,0.09023674206519713,0.6371681415929203,72,"{""param_overrides.entry_window_end"": ""13:30:00"", ""param_overrides.orb_late_rvol_add_per_30m"": 0.1, ""param_overrides.orb_time_decay_start"": ""10:30:00"", ""param_overrides.rvol_threshold"": 1.1}",0.16515056586094548,True
rvol_time_exit,0.11036904725889783,13.19680888888888,248.33035633252013,True,1068,0.041036310015474586,29692.819999999978,1.7086015195422033,5.0920923096284145,6.92240472200732,-1.077327412082134,2250,97.27894176136363,0.33883379437272765,0.5253333333333333,1182,r110__entry1330_failure_m0p1,,,0.29355847946149055,15.813021582733782,40.80462864514719,66,0.0140257510590849,2198.0099999999957,2.5769343903576374,5.789042160813749,9.980912399768703,-0.9853238420494347,139,70.51354166666667,0.0712898164452693,0.5251798561151079,73,"{""param_overrides.entry_window_end"": ""13:30:00"", ""param_overrides.failure_stop_to_r"": -0.1, ""param_overrides.rvol_threshold"": 1.1}",0.1649302087198797,False
rvol_trail,0.13911134282682638,15.606960043196546,257.63420691528245,True,805,0.043571357359298964,28904.090000000004,1.7771468871336398,5.27411633931803,6.536839513214302,-1.0796838702897364,1852,80.07137784090908,0.3346521788704365,0.5653347732181425,1047,r110__trail_start30,-0.043571357359298964,-0.013697123143066307,0.3924200249949528,20.886857142857146,41.204102624470046,42,0.013697123143066307,2193.1200000000003,2.993926720610967,6.042738494565771,9.39353630576678,-1.0502663874012037,105,53.265625,0.06817497569684121,0.6,63,"{""param_overrides.adaptive_trail_start_bars"": 30, ""param_overrides.rvol_threshold"": 1.1}",0.16144199680759955,True
rvol_trail,0.1311954065310204,14.406941798941792,247.95931834362858,True,897,0.04122821625844958,27229.119999999988,1.7763325810200354,5.1089299243214015,6.465490162190766,-1.0797406590320073,1890,81.71431107954545,0.29405723404853906,0.5253968253968254,993,r110__trail30_failure_m010,-0.04122821625844958,-0.013972353228691049,0.389953614199414,20.78972222222221,42.11499033353671,47,0.013972353228691049,2245.2899999999986,3.115762989766492,6.117699482709406,9.688801170383712,-1.0502663874012037,108,54.7875,0.08510079517358389,0.5648148148148148,61,"{""param_overrides.adaptive_trail_start_bars"": 30, ""param_overrides.failure_stop_to_r"": -0.1, ""param_overrides.rvol_threshold"": 1.1}",0.15823554877981819,True
simplification,0.11445653975133183,13.014570590699611,273.2077603864291,True,1031,0.04353810578789062,31065.779999999973,1.665067604410208,5.073379207614759,6.740027328969771,-1.0714820892938874,2387,103.20214843749999,0.4106326913359061,0.5680770842061165,1356,r110__entry1330_combined_quality_off,,,0.23643109543250138,14.229333333333313,35.46466431487521,65,0.01376249316264256,2134.399999999997,2.3292727736985332,6.651679166139688,9.995402679995209,-0.9594536937899166,150,76.09375,0.0213159363832948,0.5666666666666667,85,"{""ablation.use_combined_quality_gate"": false, ""param_overrides.entry_window_end"": ""13:30:00"", ""param_overrides.rvol_threshold"": 1.1}",0.15757680061670873,False
rvol_fine,0.12343493836426603,13.699397371998181,272.4209089699351,True,951,0.03410217484421644,30234.569999999985,1.7053638980594101,5.204299221222646,6.365333747579422,-1.0949248262656481,2207,95.4198330965909,0.40854779775472844,0.5690983235160851,1256,rvol_fine__0p9,,,0.27153761374157903,16.424393939393926,35.84296501388843,54,0.015400126554213727,2168.019999999998,2.724386965409179,6.605490458064594,9.29878561725792,-0.9630272087267652,132,66.9625,0.014858347100883646,0.5909090909090909,78,"{""param_overrides.rvol_threshold"": 0.9}",0.15264965482972934,False
late_quality,0.12326498965591311,14.195657507360155,251.2140489187509,True,867,0.04350307016643159,28930.749999999996,1.7236645945332092,5.189545907481699,6.981138799482163,-1.0740809995020082,2038,88.11310369318181,0.32491548873019316,0.5745829244357213,1171,r110__entry1330_late_rvol_add0p05,-0.04350307016643159,-0.013699383758305763,0.3308630329729278,18.25899999999997,39.70356395675134,46,0.013699383758305763,2191.0799999999963,2.8874464841024383,6.033245431002851,10.598611875502845,-0.9228875759505177,120,60.875,0.05937480483360025,0.6166666666666667,74,"{""param_overrides.entry_window_end"": ""13:30:00"", ""param_overrides.orb_late_rvol_add_per_30m"": 0.05, ""param_overrides.orb_time_decay_start"": ""10:30:00"", ""param_overrides.rvol_threshold"": 1.1}",0.15231404419740777,True
rvol_route,0.12736011778649647,13.517628171931646,245.9323874457247,True,832,0.03019314581359355,26102.540000000008,1.7180259234400266,5.071971258010147,6.445483031693667,-1.0873479101051835,1931,83.48694957386363,0.295846835650687,0.569135163127913,1099,r100__or_floor120,-0.03019314581359355,-0.014519544706668839,0.35404755610110866,20.05867256637166,40.00737383942528,45,0.014519544706668839,2266.6299999999974,3.130711888624634,6.499039161212714,12.26243421161311,-0.9526868479410538,113,57.32395833333334,0.06887246930059442,0.6017699115044248,68,"{""ablation.use_or_quality_gate"": true, ""param_overrides.or_breakout_min_rvol"": 1.2, ""param_overrides.rvol_threshold"": 1.0}",0.1483134975231268,True
rvol_time_exit,0.11176155902105712,13.098763345195723,251.23998467933643,True,1091,0.0406191178053917,29446.019999999986,1.7150717924695305,5.059530233116284,6.906353092591789,-1.076071353043955,2248,97.19247159090908,0.3417451029319491,0.5146797153024911,1157,r110__entry1330_failure_m0p05,,,0.2851418977724681,15.444014598540106,39.064439994828135,65,0.013783296269645664,2115.8299999999945,2.5757555446326093,5.888785832317932,9.858426402096715,-0.9853238420494347,137,69.49895833333333,0.04395791912900208,0.5255474452554745,72,"{""param_overrides.entry_window_end"": ""13:30:00"", ""param_overrides.failure_stop_to_r"": -0.05, ""param_overrides.rvol_threshold"": 1.1}",0.14818343346003354,False
rvol_exit,0.11590232965448141,12.26281062124248,231.34104999034489,True,1037,0.03922914010330014,24476.56999999999,1.7461725101157426,5.153505096387465,7.1534030566046996,-1.0499808528910606,1996,86.29723011363636,0.22489143522213811,0.4804609218436874,959,r110__failure_bars6_to_m010,-0.03922914010330014,-0.012712507099705818,0.36479583598358406,19.122307692307658,42.681112810079334,53,0.012712507099705818,2237.309999999996,3.325130166384329,6.592636263741152,13.647259362936111,-0.9163955853061049,117,59.353125000000006,0.105447732151185,0.5470085470085471,64,"{""param_overrides.failure_stop_bars"": 6, ""param_overrides.failure_stop_to_r"": -0.1, ""param_overrides.rvol_threshold"": 1.1}",0.1472530282260186,True
rvol_time,0.12651399758535764,14.648474820143877,263.7816849654707,True,890,0.04368899487283819,30542.06999999998,1.753538355562112,5.238698133555918,7.0350662640736426,-1.0791107593165215,2085,90.14515269886363,0.37542646409561786,0.5731414868105515,1195,r110__entry1300,,,0.30368075531113864,15.961653543307065,38.567455924514604,52,0.013883536698353459,2027.1299999999974,2.4922264917627297,5.720751722861334,8.470253866352287,-0.9853238420494345,127,64.42604166666666,0.020575584716374072,0.5905511811023622,75,"{""param_overrides.entry_window_end"": ""13:00:00"", ""param_overrides.rvol_threshold"": 1.1}",0.1447733924991094,False
overfit_falsification,0.13086072602898086,13.769753218884125,243.92439331802032,True,796,0.04303052819179178,25666.820000000007,1.7536520831944713,5.163408613692026,6.69630853053639,-1.0771857458889693,1864,80.59019886363636,0.2628897572034769,0.572961373390558,1068,r110__block_score7,-0.04303052819179178,-0.014016845741187616,0.39062563370257103,21.008285714285694,41.01569153876996,39,0.014016845741187616,2205.869999999998,3.2452288619499825,6.543700921350021,10.832779099321511,-1.0028390483850822,105,53.265625,0.07524000732511056,0.6285714285714286,66,"{""param_overrides.entry_score_blocklist"": [""COMBINED_BREAKOUT:5"", ""*:7""], ""param_overrides.rvol_threshold"": 1.1}",0.1409174197825388,True
rvol_fine,0.12851944236508367,14.35820241691843,255.23961253705616,True,853,0.0320552002463524,28515.390000000003,1.7749918194161942,5.360145358848195,7.002353446473734,-1.0810865057741064,1986,85.86487926136363,0.3490940525402975,0.5704934541792548,1133,rvol_fine__1p05,-0.0320552002463524,-0.013795794861182516,0.34133500116341736,18.79196428571427,38.229520130302745,44,0.013795794861182516,2104.699999999998,2.829553455784559,6.139432675049849,11.571547234666989,-0.9953543879717948,112,56.81666666666667,0.02598849866324361,0.6071428571428571,68,"{""param_overrides.rvol_threshold"": 1.05}",0.13907544252021248,True
rvol_trail,0.1367177515974879,14.82570199031738,254.15830021973,True,799,0.04358925310050524,27560.98000000001,1.7616884340784311,5.227181682599233,6.490730194741085,-1.0794615503884588,1859,80.3740234375,0.3090342015734424,0.5701990317374933,1060,r110__trail_start28,-0.04358925310050524,-0.013770282765311542,0.3754319115743944,20.070188679245273,39.7957826268858,43,0.013770282765311542,2127.439999999999,2.9342297866150258,5.960149869429992,9.083351637063524,-1.0502663874012037,106,53.77291666666667,0.04378093484571201,0.5943396226415094,63,"{""param_overrides.adaptive_trail_start_bars"": 28, ""param_overrides.rvol_threshold"": 1.1}",0.13661957820041765,True
late_quality,0.12245753985814177,14.046202597402587,235.7307642269229,True,887,0.04139112628613147,27038.93999999998,1.763466579097983,5.094900194563078,6.8706859034381305,-1.0763361969764338,1925,83.2275390625,0.2665693570738984,0.5392207792207793,1038,r110__entry1330_late_rvol_add0p10_failure_m010,-0.04139112628613147,-0.013989780172114984,0.3411279634980318,19.222586206896523,39.57084376577169,50,0.013989780172114984,2229.8199999999965,3.0693040823333964,6.134651004704703,9.594269211588559,-0.957824803370837,116,58.84583333333334,0.06065103081704903,0.5689655172413793,66,"{""param_overrides.entry_window_end"": ""13:30:00"", ""param_overrides.failure_stop_to_r"": -0.1, ""param_overrides.orb_late_rvol_add_per_30m"": 0.1, ""param_overrides.orb_time_decay_start"": ""10:30:00"", ""param_overrides.rvol_threshold"": 1.1}",0.1327224450069463,True
rvol_time,0.1290015004808818,14.37540120361083,257.2289919588783,True,849,0.04268599067098105,28664.549999999996,1.7605305888533358,5.2388891229232355,6.902530433117569,-1.0735908850447322,1994,86.21075994318181,0.33586314558403313,0.574222668004012,1145,r110__entry1245,,,0.32836698134156095,17.058991596638627,39.075670779645755,48,0.013880247718116134,2030.0199999999968,2.5600897619157377,5.7851210246039075,8.654253197871489,-1.014431334090828,119,60.36770833333333,0.02183741468103156,0.5966386554621849,71,"{""param_overrides.entry_window_end"": ""12:45:00"", ""param_overrides.rvol_threshold"": 1.1}",0.1317464204970821,False
rvol_exit,0.12821554065988672,13.900763559768304,243.48131171312488,True,799,0.04401054157293434,26397.55000000001,1.7339731541086294,5.207588748010921,6.696641868192916,-1.0765721175563274,1899,82.1034268465909,0.27023425936311446,0.5792522380200106,1100,r110__failure_bars12,-0.04401054157293434,-0.013496554538109733,0.37300909234796265,19.78787037037034,40.28498197357997,41,0.013496554538109733,2137.0899999999965,2.9718308559618354,6.324464525043096,11.423469766282498,-1.0028390483850822,108,54.7875,0.05493632672523403,0.6203703703703703,67,"{""param_overrides.failure_stop_bars"": 12, ""param_overrides.rvol_threshold"": 1.1}",0.13029060314849217,True
rvol_trail,0.13439215244360675,14.601627155172418,249.43183493533414,True,797,0.04362983300651397,27100.620000000006,1.7589307442531914,5.214763072237229,6.623382178934801,-1.0780481142890592,1856,80.24431818181817,0.2925256682964934,0.5705818965517241,1059,r110__trail_start27,-0.04362983300651397,-0.01380471380471381,0.37023421863801276,19.78084905660375,39.244827175629354,43,0.01380471380471381,2096.7699999999973,2.908305726455276,5.906655510507801,8.979387435480316,-1.0502663874012037,106,53.77291666666667,0.03352552814631446,0.5943396226415094,63,"{""param_overrides.adaptive_trail_start_bars"": 27, ""param_overrides.rvol_threshold"": 1.1}",0.12417557719887708,True
simplification,0.12278494186390058,14.226334819217433,247.9027976232153,True,866,0.0426025286056618,28722.969999999998,1.7420328201900923,5.218926933643991,6.6398768747137495,-1.0725006684630969,2019,87.29163707386363,0.3168728267560399,0.5710747894997523,1153,r110__combined_quality_off,,,0.3058163230312762,18.871965811965797,35.78050979465932,47,0.014014411777533377,2208.019999999998,2.8868901631359014,7.017729063593885,10.955665646154324,-1.0028390483850822,117,59.353125000000006,0.016999579442002477,0.5982905982905983,70,"{""ablation.use_combined_quality_gate"": false, ""param_overrides.rvol_threshold"": 1.1}",0.12195521600191557,False
rvol_exit,0.12163110870091325,13.043240020736127,234.62640868406166,True,913,0.04090510573464857,25160.40999999999,1.7512003035802939,5.06846724286877,6.634636800166251,-1.074631241717785,1929,83.40047940340908,0.23882303891782633,0.5266977708657335,1016,r110__failure_to_m0p075,-0.04090510573464857,-0.013761262853692417,0.36180523684858074,19.066964285714256,40.52218652704104,47,0.013761262853692417,2135.499999999997,3.0607762530638967,6.273670138529478,11.080886063936006,-1.0028390483850822,112,56.81666666666667,0.05818176899127115,0.5803571428571429,65,"{""param_overrides.failure_stop_to_r"": -0.075, ""param_overrides.rvol_threshold"": 1.1}",0.12140621346556546,True
rvol_exit,0.12229625879843213,12.931881748071975,237.8662233629505,True,900,0.04103125860570927,25152.50999999999,1.727419353439337,5.14812942032444,6.998187327926276,-1.0569073194908756,1945,84.09224076704545,0.24538888024859756,0.5372750642673522,1045,r110__failure_bars6,-0.04103125860570927,-0.013551610675549516,0.35210657180816596,18.78684210526312,40.14014918613092,48,0.013551610675549516,2141.6999999999957,2.9347407788828925,6.2869557832193115,11.466474369863247,-0.9163955853061048,114,57.831250000000004,0.05348963519305178,0.5789473684210527,66,"{""param_overrides.failure_stop_bars"": 6, ""param_overrides.rvol_threshold"": 1.1}",0.12065437096249279,True
incumbent,0.12802961381436545,13.70965336134454,243.76838470255183,True,817,0.0435702356934037,26103.180000000004,1.733887027217144,5.175693246759639,6.618783878317416,-1.0747976386894273,1904,82.31960227272727,0.26730210631079254,0.5709033613445378,1087,control__rvol110,-0.0435702356934037,-0.013800775901414885,0.36699164986126287,19.446944444444423,39.63509818501639,42,0.013800775901414885,2100.2699999999977,2.9354294718799827,6.196236262766194,10.602646378552006,-1.0028390483850822,108,54.7875,0.040844623771494726,0.6111111111111112,66,"{""param_overrides.rvol_threshold"": 1.1}",0.12010474266024895,True
incumbent,0.12123835864427378,13.00901036269429,233.9900321834484,True,906,0.04118463493914059,25107.38999999998,1.745163280733166,5.076699252062411,6.637554926675119,-1.0760272823043995,1930,83.44371448863636,0.23624780813365193,0.5305699481865285,1024,control__rvol110_failure_m010,-0.04118463493914059,-0.013772444375038643,0.36101713381061673,18.97776785714283,40.433918986789074,47,0.013772444375038643,2125.509999999997,3.0371974888580002,6.240553192443035,10.991744977534239,-1.0028390483850822,112,56.81666666666667,0.05537178673212541,0.5803571428571429,65,"{""param_overrides.failure_stop_to_r"": -0.1, ""param_overrides.rvol_threshold"": 1.1}",0.11867839422265969,True
rvol_route,0.1282677126086651,13.00305631492619,234.60164636124847,True,788,0.039175234445293694,23782.590000000004,1.7004702476885227,4.912090354565923,6.322932902680328,-1.0762564828730181,1829,79.07697088068181,0.22074730159458159,0.5691634773100055,1041,r110__or_floor120,-0.039175234445293694,-0.013722108859524447,0.3702446291086024,19.913853211009148,40.35666457283766,42,0.013722108859524447,2170.609999999997,3.0276410309105,6.319694034874754,10.948439782561765,-1.0028390483850822,109,55.29479166666667,0.060355221031506257,0.6146788990825688,67,"{""ablation.use_or_quality_gate"": true, ""param_overrides.or_breakout_min_rvol"": 1.2, ""param_overrides.rvol_threshold"": 1.1}",0.11649244922858262,True
rvol_exit,0.12360019006356335,13.187566440854605,237.18876473197807,True,881,0.041273445944100665,25306.939999999988,1.7476691233516632,5.093798555226547,6.614089999018767,-1.0761461860520418,1919,82.96812855113636,0.24600654904142497,0.5409067222511725,1038,r110__failure_to_m0p125,-0.041273445944100665,-0.013789312529520035,0.3558014515450502,18.843482142857106,39.84976257304562,48,0.013789312529520035,2110.4699999999957,2.9949617166083673,6.200108839023837,10.86906986082127,-1.0028390483850822,112,56.81666666666667,0.04577337004059727,0.5714285714285714,64,"{""param_overrides.failure_stop_to_r"": -0.125, ""param_overrides.rvol_threshold"": 1.1}",0.11585498269088695,True
rvol_exit,0.12427349128017448,13.445276041666668,238.605103257935,True,870,0.041539732415134964,25814.930000000004,1.7512356936719384,5.151366320460198,6.5882985590797585,-1.0760272823043995,1920,83.01136363636363,0.2559106098536318,0.546875,1050,r110__failure_to_m0p15,-0.041539732415134964,-0.013780996662383091,0.351884390854947,19.079999999999963,39.05916738489912,46,0.013780996662383091,2117.879999999996,3.0005856626016607,6.276945952839668,10.312613281510231,-1.0028390483850822,111,56.309375,0.03903886800923318,0.5855855855855856,65,"{""param_overrides.failure_stop_to_r"": -0.15, ""param_overrides.rvol_threshold"": 1.1}",0.1149439776547727,True
late_quality,0.12831051369245722,15.152217294900217,231.47216670119283,True,764,0.04259377510762551,27334.59999999999,1.7724857108540983,5.181854301439037,6.861583140983452,-1.0778069952945193,1804,77.99609375,0.2586024644425319,0.5764966740576497,1040,r110__entry1330_late_rvol_add0p15,-0.04259377510762551,-0.013759339538700949,0.3567776198945276,19.97401869158875,38.175205328714455,42,0.013759339538700949,2137.219999999996,3.0759181374024998,6.178868265305175,11.231905515158735,-0.957824803370837,107,54.280208333333334,0.03354596653993874,0.6074766355140186,65,"{""param_overrides.entry_window_end"": ""13:30:00"", ""param_overrides.orb_late_rvol_add_per_30m"": 0.15, ""param_overrides.orb_time_decay_start"": ""10:30:00"", ""param_overrides.rvol_threshold"": 1.1}",0.11231574080584633,True
rvol_exit,0.12030260801042476,12.927412008281568,232.42463867614063,True,925,0.04061782306828838,24975.759999999987,1.752809120845169,5.063110771408427,6.625727208281194,-1.0760272823043995,1932,83.5301846590909,0.2320306941115554,0.5212215320910973,1007,r110__failure_to_0p0,-0.04061782306828838,-0.013769778860588012,0.35515264162451565,19.170180180180132,39.42194322032124,47,0.013769778860588012,2127.889999999995,3.0711407436246745,6.286186873279745,11.056673140631474,-1.0028390483850822,111,56.309375,0.04545090606375704,0.5765765765765766,64,"{""param_overrides.failure_stop_to_r"": 0.0, ""param_overrides.rvol_threshold"": 1.1}",0.11075383188048646,True
simplification,0.10611091490703475,10.976076839826826,196.09297074820023,True,890,0.033635584716679705,20283.789999999975,1.6381341649759362,4.422978266611002,5.642678324213351,-1.063331950758497,1848,79.8984375,0.09520426504432243,0.5183982683982684,958,entry1330__failure_m010_combined_quality_off,-0.033635584716679705,-0.011577872617835949,0.33499173198225135,19.12951612903222,41.53897476579917,51,0.011577872617835949,2372.059999999995,3.153774912607251,7.232098476019677,13.557738296739803,-0.7852556452945034,124,62.90416666666667,0.1177036166036574,0.5887096774193549,73,"{""ablation.use_combined_quality_gate"": false, ""param_overrides.entry_window_end"": ""13:30:00"", ""param_overrides.failure_stop_to_r"": -0.1}",0.10982884355789016,True
rvol_exit,0.12114949218489506,13.057671161825718,233.57622093247767,True,919,0.04065958359274503,25175.189999999984,1.7567773522221117,5.080605435781116,6.641919757437398,-1.074631241717785,1928,83.35724431818181,0.23726052599788722,0.5233402489626556,1009,r110__failure_to_m0p05,-0.04065958359274503,-0.01377180590155189,0.35184963849148715,19.153873873873827,39.05530987255507,48,0.01377180590155189,2126.079999999995,3.066723695466201,6.2829778800024405,11.043464960050454,-1.0028390483850822,111,56.309375,0.040776794449115035,0.5675675675675675,63,"{""param_overrides.failure_stop_to_r"": -0.05, ""param_overrides.rvol_threshold"": 1.1}",0.1095461004911853,True
rvol_exit,0.12468408939445719,13.509999999999994,237.89724256462432,True,842,0.043013529376366065,25777.07999999999,1.735621228015903,5.14748349796082,6.569865619082797,-1.0747976386894273,1908,82.49254261363636,0.25083962482808275,0.5587002096436059,1066,r110__failure_to_m0p2,-0.043013529376366065,-0.013821469354505636,0.34973317073847426,18.58839285714283,39.17011512270912,47,0.013821469354505636,2081.899999999997,2.8854374207571047,6.16220560173072,10.603858695313914,-1.0028390483850822,112,56.81666666666667,0.032720217530289974,0.5803571428571429,65,"{""param_overrides.failure_stop_to_r"": -0.2, ""param_overrides.rvol_threshold"": 1.1}",0.10906201008451744,True
rvol_exit,0.12499928169816472,13.594427600627284,239.12362588858912,True,855,0.04277307009404072,26006.139999999996,1.747301370370806,5.17750372351791,6.629822405945327,-1.075894939738158,1913,82.70871803977272,0.257315077385658,0.553058024046001,1058,r110__failure_to_m0p175,-0.04277307009404072,-0.01380514148374495,0.3452326519142864,18.886396396396357,38.320824362485794,47,0.01380514148374495,2096.389999999996,2.9428468161218824,6.224396505138015,10.147718918932158,-1.0028390483850822,111,56.309375,0.0265982132120427,0.5765765765765766,64,"{""param_overrides.failure_stop_to_r"": -0.175, ""param_overrides.rvol_threshold"": 1.1}",0.10734911567280805,True
rvol_exit,0.1228056714099249,13.302239039665977,235.29566642141612,True,854,0.04155229825563857,25487.09000000001,1.7154586181061169,5.121218131517247,6.6897082458014525,-1.07961726634743,1916,82.83842329545453,0.2429606476480221,0.5542797494780793,1062,r110__failure_bars8,-0.04155229825563857,-0.014741313358530347,0.3612798525804479,18.909454545454533,39.740783783849274,44,0.014741313358530347,2080.0399999999986,2.8793277918323112,6.065637341142488,10.131841271142068,-0.9957283328631507,110,55.802083333333336,0.03400266665603647,0.6,66,"{""param_overrides.failure_stop_bars"": 8, ""param_overrides.rvol_threshold"": 1.1}",0.10713796000323143,True
rvol_route,0.12820588622102394,12.692739105829087,226.5398009525493,True,759,0.03981607288985245,22428.069999999996,1.6971450649662692,4.927392718873335,6.17231043807491,-1.076121178406985,1767,76.3963955965909,0.1824993423035241,0.5704584040747029,1008,r110__or_floor130,-0.03981607288985245,-0.01379436755109855,0.37557794254295235,19.867641509433938,39.81126190955295,41,0.01379436755109855,2105.9699999999975,2.9784211861301864,6.141834906779772,10.075312994394443,-1.0028390483850822,106,53.77291666666667,0.04374436289120136,0.6132075471698113,65,"{""ablation.use_or_quality_gate"": true, ""param_overrides.or_breakout_min_rvol"": 1.3, ""param_overrides.rvol_threshold"": 1.1}",0.09230860568551433,True
incumbent,0.11440909015253922,11.619248251748244,196.3259987017573,True,809,0.03795408554432407,19938.629999999986,1.6743726533584469,4.521285151442188,5.692170496436232,-1.0713932751012054,1716,74.19140625,0.08118594284299568,0.5285547785547785,907,control__entry1330_failure_m010,-0.03795408554432407,-0.015252700007101081,0.376949760335478,20.21596330275225,41.087523876567104,44,0.015252700007101081,2203.5399999999954,3.3166139257141,6.175396304045446,11.120022505471288,-0.8235901968132971,109,55.29479166666667,0.07188257736579633,0.5963302752293578,65,"{""param_overrides.entry_window_end"": ""13:30:00"", ""param_overrides.failure_stop_to_r"": -0.1}",0.0751387552828161,True
rvol_route,0.12694775309283216,12.406629866356768,218.47708307276415,True,739,0.03787791465220281,21351.809999999998,1.685218412103236,4.825789024672403,5.88884484382886,-1.0766934509724757,1721,74.40758167613636,0.15238074102615323,0.5705984892504358,982,r110__pdh_only,-0.03787791465220281,-0.013844895956829242,0.381739123357872,20.011359223300953,39.31912970586082,40,0.013844895956829242,2061.1699999999983,2.9633556228686824,6.035826036497237,10.50981355824654,-1.0028390483850822,103,52.251041666666666,0.03121763116853296,0.6116504854368932,63,"{""ablation.use_or_quality_gate"": true, ""param_overrides.or_breakout_min_rvol"": 1.4, ""param_overrides.rvol_threshold"": 1.1}",0.07362471961870005,True
rvol_route,0.12649501156685342,13.101889763779527,208.843264096875,True,704,0.04310571195599658,21631.219999999998,1.716466505672286,4.854408576429293,6.233671605881058,-1.0656144829318455,1651,71.38112571022727,0.1257805241438103,0.5735917625681405,947,r110__or_only,-0.04310571195599658,-0.015071959371027238,0.394296548542345,20.993333333333297,39.03535830569216,36,0.015071959371027238,2078.3399999999965,3.238263959937533,6.190253231179682,10.904276558941024,-0.845179984102284,99,50.221875000000004,0.03256734581563285,0.6363636363636364,63,"{""param_overrides.pdh_breakout_min_rvol"": 1.4, ""param_overrides.rvol_threshold"": 1.1}",0.06519195823049495,True
rvol_fine,0.1249157388870267,13.34770083102493,225.4729086910832,True,772,0.036673834003280094,24092.6,1.704003974022748,4.942878296660767,6.278602333679317,-1.0836951003190767,1805,78.03932883522727,0.2093793814466312,0.5722991689750693,1033,rvol_fine__1p15,,,0.3373992671618804,17.596666666666646,36.43912085348308,44,0.014029264849288764,1900.4399999999978,2.6807789933580373,5.695491424191182,9.93595934777299,-1.0028390483850822,108,54.7875,-0.02532156556733844,0.5925925925925926,64,"{""param_overrides.rvol_threshold"": 1.15}",0.056823765887550934,False
rvol_route,0.1248735786083769,13.144511278195484,215.90641741388367,True,737,0.04044014179270895,22726.859999999993,1.7181871501000476,4.945861702600944,6.277716887695973,-1.0665868655751376,1729,74.75346235795455,0.1625242937934207,0.573742047426258,992,r110__pdh_floor130,-0.04044014179270895,-0.015184563551625304,0.3729633744406626,19.48431372549017,38.042264192947584,41,0.015184563551625304,1987.3999999999974,2.8602517901436775,5.503778430659244,9.729582958574621,-0.8875076236454641,102,51.743750000000006,-0.0013088853625623739,0.5980392156862745,61,"{""param_overrides.pdh_breakout_min_rvol"": 1.3, ""param_overrides.rvol_threshold"": 1.1}",0.0560327273420317,True
rvol_route,0.12397014247682872,13.033871139510106,232.81592757148434,True,805,0.04075331266034553,24477.60999999998,1.694044106159419,4.94951509790557,6.10016351166166,-1.0737069366653076,1878,81.19549005681817,0.22452822642491635,0.5713525026624068,1073,r100__pdh_floor120,,,0.31304826775907574,16.381339285714255,35.061405989016485,45,0.014681480803093842,1834.7099999999964,2.4991787940938512,5.136166172094233,9.075223949820433,-1.0467460959522816,112,56.81666666666667,-0.05240220392426738,0.5982142857142857,67,"{""param_overrides.pdh_breakout_min_rvol"": 1.2, ""param_overrides.rvol_threshold"": 1.0}",0.044523446697946924,False
rvol_route,0.12512671244114207,13.460719424460432,226.1039693811437,True,772,0.04019273837381465,24323.52,1.7221066550370485,5.044728743952534,6.54384927445065,-1.0735531110011842,1807,78.12579900568181,0.20853402362686488,0.5727725511898174,1035,r110__pdh_floor120,,,0.34108575331854746,17.406407766990263,35.13183259181039,42,0.014858742950513539,1792.8599999999972,2.6322320445006864,5.3438501819043,9.235030248049448,-1.003713680848494,103,52.251041666666666,-0.05980014451631841,0.5922330097087378,61,"{""param_overrides.pdh_breakout_min_rvol"": 1.2, ""param_overrides.rvol_threshold"": 1.1}",0.03411681433379573,False
rvol_fine,0.12222762151298032,11.999156193895864,204.24235554819012,True,718,0.036312859756913514,20050.58999999999,1.651497034394781,4.5304976559632,5.771994457447163,-1.0709339960266953,1671,72.24582741477272,0.10355931736800982,0.5703171753441053,953,rvol_fine__1p25,,,0.35489385478319174,18.8002912621359,36.55406704266875,41,0.01758586349083549,1936.4299999999976,2.8215280129435203,5.548356449593415,9.011984755007509,-0.9443097123967972,103,52.251041666666666,-0.03440684813968894,0.6019417475728155,62,"{""param_overrides.rvol_threshold"": 1.25}",0.01388130978800562,False
control,0.12049737138406266,11.79231500339443,177.4926280487243,True,634,0.038875280031415785,17370.079999999994,1.666456409654326,4.439112514665017,5.204353423580929,-1.067694798735127,1473,63.68528053977272,0.0,0.5695858791581806,839,control__base,,,0.4030816567950816,20.714574468085072,37.88967573873767,34,0.01523491592482691,1947.169999999997,3.1397942811929886,5.8256966846083,10.047758146054715,-0.845179984102284,94,47.68541666666667,0.0,0.6382978723404256,60,{},0.0,False
rvol_fine,0.1186124208148402,11.407812499999997,182.18867837159456,True,664,0.04101473333268189,17522.399999999994,1.6453542332680202,4.425942526505968,5.322603930116373,-1.0668697655102979,1536,66.4090909090909,0.008689744530428492,0.5677083333333334,872,rvol_fine__1p35,,,0.3967373795129262,20.324421052631557,37.69005105372799,38,0.015255475356254105,1930.819999999998,2.9347669245260315,5.488685551327015,10.254958892852226,-0.845179984102284,95,48.192708333333336,-0.01222660328386847,0.6,57,"{""param_overrides.rvol_threshold"": 1.35}",-0.004905881548864533,False
